ㄱ,40
ㄲ,41
ㄴ,43
ㄷ,46
ㄸ,4
ㄹ,47
ㅁ,55
ㅂ,56
ㅃ,8
ㅅ,58
ㅆ,59
ㅇ,60
ㅈ,61
ㅉ,7716
ㅊ,62
ㅋ,63
ㅌ,64
ㅍ,65
ㅎ,66
ㅏ,19
ㅐ,20
ㅑ,21
ㅒ,22
ㅓ,23
ㅔ,24
ㅕ,25
ㅖ,26
ㅗ,27
ㅘ,28
ㅙ,29
ㅚ,30
ㅛ,31
ㅜ,32
ㅝ,33
ㅞ,34
ㅟ,35
ㅠ,36
ㅡ,37
ㅢ,38
ㅣ,39
ㄳ,42
ㄵ,44
ㄶ,45
ㄺ,48
ㄻ,49
ㄼ,50
ㄽ,51
ㄾ,52
ㄿ,53
ㅀ,54
ㅄ,57
가,67
각,68
갂,69
갃,70
간,71
갅,72
갆,73
갇,74
갈,75
갉,76
갊,77
갋,78
갌,79
갍,80
갎,81
갏,82
감,83
갑,84
값,85
갓,86
갔,87
강,88
갖,89
갗,90
갘,91
같,92
갚,93
갛,94
개,95
객,96
갞,97
갟,98
갠,99
갡,100
갢,101
갣,102
갤,103
갥,104
갦,105
갧,106
갨,107
갩,108
갪,109
갫,110
갬,111
갭,112
갮,113
갯,114
갰,115
갱,116
갲,117
갳,118
갴,119
갵,120
갶,121
갷,122
갸,123
갹,124
갺,125
갻,126
갼,127
갽,128
갾,129
갿,130
걀,131
걁,132
걂,133
걃,134
걄,135
걅,136
걆,137
걇,138
걈,139
걉,140
걊,141
걋,142
걌,143
걍,144
걎,145
걏,146
걐,147
걑,148
걒,149
걓,150
걔,151
걕,152
걖,153
걗,154
걘,155
걙,156
걚,157
걛,158
걜,159
걝,160
걞,161
걟,162
걠,163
걡,164
걢,165
걣,166
걤,167
걥,168
걦,169
걧,170
걨,171
걩,172
걪,173
걫,174
걬,175
걭,176
걮,177
걯,178
거,179
걱,180
걲,181
걳,182
건,183
걵,184
걶,185
걷,186
걸,187
걹,188
걺,189
걻,190
걼,191
걽,192
걾,193
걿,194
검,195
겁,196
겂,197
것,198
겄,199
겅,200
겆,201
겇,202
겈,203
겉,204
겊,205
겋,206
게,207
겍,208
겎,209
겏,210
겐,211
겑,212
겒,213
겓,214
겔,215
겕,216
겖,217
겗,218
겘,219
겙,220
겚,221
겛,222
겜,223
겝,224
겞,225
겟,226
겠,227
겡,228
겢,229
겣,230
겤,231
겥,232
겦,233
겧,234
겨,235
격,236
겪,237
겫,238
견,239
겭,240
겮,241
겯,242
결,243
겱,244
겲,245
겳,246
겴,247
겵,248
겶,249
겷,250
겸,251
겹,252
겺,253
겻,254
겼,255
경,256
겾,257
겿,258
곀,259
곁,260
곂,261
곃,262
계,263
곅,264
곆,265
곇,266
곈,267
곉,268
곊,269
곋,270
곌,271
곍,272
곎,273
곏,274
곐,275
곑,276
곒,277
곓,278
곔,279
곕,280
곖,281
곗,282
곘,283
곙,284
곚,285
곛,286
곜,287
곝,288
곞,289
곟,290
고,291
곡,292
곢,293
곣,294
곤,295
곥,296
곦,297
곧,298
골,299
곩,300
곪,301
곫,302
곬,303
곭,304
곮,305
곯,306
곰,307
곱,308
곲,309
곳,310
곴,311
공,312
곶,313
곷,314
곸,315
곹,316
곺,317
곻,318
과,319
곽,320
곾,321
곿,322
관,323
괁,324
괂,325
괃,326
괄,327
괅,328
괆,329
괇,330
괈,331
괉,332
괊,333
괋,334
괌,335
괍,336
괎,337
괏,338
괐,339
광,340
괒,341
괓,342
괔,343
괕,344
괖,345
괗,346
괘,347
괙,348
괚,349
괛,350
괜,351
괝,352
괞,353
괟,354
괠,355
괡,356
괢,357
괣,358
괤,359
괥,360
괦,361
괧,362
괨,363
괩,364
괪,365
괫,366
괬,367
괭,368
괮,369
괯,370
괰,371
괱,372
괲,373
괳,374
괴,375
괵,376
괶,377
괷,378
괸,379
괹,380
괺,381
괻,382
괼,383
괽,384
괾,385
괿,386
굀,387
굁,388
굂,389
굃,390
굄,391
굅,392
굆,393
굇,394
굈,395
굉,396
굊,397
굋,398
굌,399
굍,400
굎,401
굏,402
교,403
굑,404
굒,405
굓,406
굔,407
굕,408
굖,409
굗,410
굘,411
굙,412
굚,413
굛,414
굜,415
굝,416
굞,417
굟,418
굠,419
굡,420
굢,421
굣,422
굤,423
굥,424
굦,425
굧,426
굨,427
굩,428
굪,429
굫,430
구,431
국,432
굮,433
굯,434
군,435
굱,436
굲,437
굳,438
굴,439
굵,440
굶,441
굷,442
굸,443
굹,444
굺,445
굻,446
굼,447
굽,448
굾,449
굿,450
궀,451
궁,452
궂,453
궃,454
궄,455
궅,456
궆,457
궇,458
궈,459
궉,460
궊,461
궋,462
권,463
궍,464
궎,465
궏,466
궐,467
궑,468
궒,469
궓,470
궔,471
궕,472
궖,473
궗,474
궘,475
궙,476
궚,477
궛,478
궜,479
궝,480
궞,481
궟,482
궠,483
궡,484
궢,485
궣,486
궤,487
궥,488
궦,489
궧,490
궨,491
궩,492
궪,493
궫,494
궬,495
궭,496
궮,497
궯,498
궰,499
궱,500
궲,501
궳,502
궴,503
궵,504
궶,505
궷,506
궸,507
궹,508
궺,509
궻,510
궼,511
궽,512
궾,513
궿,514
귀,515
귁,516
귂,517
귃,518
귄,519
귅,520
귆,521
귇,522
귈,523
귉,524
귊,525
귋,526
귌,527
귍,528
귎,529
귏,530
귐,531
귑,532
귒,533
귓,534
귔,535
귕,536
귖,537
귗,538
귘,539
귙,540
귚,541
귛,542
규,543
귝,544
귞,545
귟,546
균,547
귡,548
귢,549
귣,550
귤,551
귥,552
귦,553
귧,554
귨,555
귩,556
귪,557
귫,558
귬,559
귭,560
귮,561
귯,562
귰,563
귱,564
귲,565
귳,566
귴,567
귵,568
귶,569
귷,570
그,571
극,572
귺,573
귻,574
근,575
귽,576
귾,577
귿,578
글,579
긁,580
긂,581
긃,582
긄,583
긅,584
긆,585
긇,586
금,587
급,588
긊,589
긋,590
긌,591
긍,592
긎,593
긏,594
긐,595
긑,596
긒,597
긓,598
긔,599
긕,600
긖,601
긗,602
긘,603
긙,604
긚,605
긛,606
긜,607
긝,608
긞,609
긟,610
긠,611
긡,612
긢,613
긣,614
긤,615
긥,616
긦,617
긧,618
긨,619
긩,620
긪,621
긫,622
긬,623
긭,624
긮,625
긯,626
기,627
긱,628
긲,629
긳,630
긴,631
긵,632
긶,633
긷,634
길,635
긹,636
긺,637
긻,638
긼,639
긽,640
긾,641
긿,642
김,643
깁,644
깂,645
깃,646
깄,647
깅,648
깆,649
깇,650
깈,651
깉,652
깊,653
깋,654
까,655
깍,656
깎,657
깏,658
깐,659
깑,660
깒,661
깓,662
깔,663
깕,664
깖,665
깗,666
깘,667
깙,668
깚,669
깛,670
깜,671
깝,672
깞,673
깟,674
깠,675
깡,676
깢,677
깣,678
깤,679
깥,680
깦,681
깧,682
깨,683
깩,684
깪,685
깫,686
깬,687
깭,688
깮,689
깯,690
깰,691
깱,692
깲,693
깳,694
깴,695
깵,696
깶,697
깷,698
깸,699
깹,700
깺,701
깻,702
깼,703
깽,704
깾,705
깿,706
꺀,707
꺁,708
꺂,709
꺃,710
꺄,711
꺅,712
꺆,713
꺇,714
꺈,715
꺉,716
꺊,717
꺋,718
꺌,719
꺍,720
꺎,721
꺏,722
꺐,723
꺑,724
꺒,725
꺓,726
꺔,727
꺕,728
꺖,729
꺗,730
꺘,731
꺙,732
꺚,733
꺛,734
꺜,735
꺝,736
꺞,737
꺟,738
꺠,739
꺡,740
꺢,741
꺣,742
꺤,743
꺥,744
꺦,745
꺧,746
꺨,747
꺩,748
꺪,749
꺫,750
꺬,751
꺭,752
꺮,753
꺯,754
꺰,755
꺱,756
꺲,757
꺳,758
꺴,759
꺵,760
꺶,761
꺷,762
꺸,763
꺹,764
꺺,765
꺻,766
꺼,767
꺽,768
꺾,769
꺿,770
껀,771
껁,772
껂,773
껃,774
껄,775
껅,776
껆,777
껇,778
껈,779
껉,780
껊,781
껋,782
껌,783
껍,784
껎,785
껏,786
껐,787
껑,788
껒,789
껓,790
껔,791
껕,792
껖,793
껗,794
께,795
껙,796
껚,797
껛,798
껜,799
껝,800
껞,801
껟,802
껠,803
껡,804
껢,805
껣,806
껤,807
껥,808
껦,809
껧,810
껨,811
껩,812
껪,813
껫,814
껬,815
껭,816
껮,817
껯,818
껰,819
껱,820
껲,821
껳,822
껴,823
껵,824
껶,825
껷,826
껸,827
껹,828
껺,829
껻,830
껼,831
껽,832
껾,833
껿,834
꼀,835
꼁,836
꼂,837
꼃,838
꼄,839
꼅,840
꼆,841
꼇,842
꼈,843
꼉,844
꼊,845
꼋,846
꼌,847
꼍,848
꼎,849
꼏,850
꼐,851
꼑,852
꼒,853
꼓,854
꼔,855
꼕,856
꼖,857
꼗,858
꼘,859
꼙,860
꼚,861
꼛,862
꼜,863
꼝,864
꼞,865
꼟,866
꼠,867
꼡,868
꼢,869
꼣,870
꼤,871
꼥,872
꼦,873
꼧,874
꼨,875
꼩,876
꼪,877
꼫,878
꼬,879
꼭,880
꼮,881
꼯,882
꼰,883
꼱,884
꼲,885
꼳,886
꼴,887
꼵,888
꼶,889
꼷,890
꼸,891
꼹,892
꼺,893
꼻,894
꼼,895
꼽,896
꼾,897
꼿,898
꽀,899
꽁,900
꽂,901
꽃,902
꽄,903
꽅,904
꽆,905
꽇,906
꽈,907
꽉,908
꽊,909
꽋,910
꽌,911
꽍,912
꽎,913
꽏,914
꽐,915
꽑,916
꽒,917
꽓,918
꽔,919
꽕,920
꽖,921
꽗,922
꽘,923
꽙,924
꽚,925
꽛,926
꽜,927
꽝,928
꽞,929
꽟,930
꽠,931
꽡,932
꽢,933
꽣,934
꽤,935
꽥,936
꽦,937
꽧,938
꽨,939
꽩,940
꽪,941
꽫,942
꽬,943
꽭,944
꽮,945
꽯,946
꽰,947
꽱,948
꽲,949
꽳,950
꽴,951
꽵,952
꽶,953
꽷,954
꽸,955
꽹,956
꽺,957
꽻,958
꽼,959
꽽,960
꽾,961
꽿,962
꾀,963
꾁,964
꾂,965
꾃,966
꾄,967
꾅,968
꾆,969
꾇,970
꾈,971
꾉,972
꾊,973
꾋,974
꾌,975
꾍,976
꾎,977
꾏,978
꾐,979
꾑,980
꾒,981
꾓,982
꾔,983
꾕,984
꾖,985
꾗,986
꾘,987
꾙,988
꾚,989
꾛,990
꾜,991
꾝,992
꾞,993
꾟,994
꾠,995
꾡,996
꾢,997
꾣,998
꾤,999
꾥,1000
꾦,1001
꾧,1002
꾨,1003
꾩,1004
꾪,1005
꾫,1006
꾬,1007
꾭,1008
꾮,1009
꾯,1010
꾰,1011
꾱,1012
꾲,1013
꾳,1014
꾴,1015
꾵,1016
꾶,1017
꾷,1018
꾸,1019
꾹,1020
꾺,1021
꾻,1022
꾼,1023
꾽,1024
꾾,1025
꾿,1026
꿀,1027
꿁,1028
꿂,1029
꿃,1030
꿄,1031
꿅,1032
꿆,1033
꿇,1034
꿈,1035
꿉,1036
꿊,1037
꿋,1038
꿌,1039
꿍,1040
꿎,1041
꿏,1042
꿐,1043
꿑,1044
꿒,1045
꿓,1046
꿔,1047
꿕,1048
꿖,1049
꿗,1050
꿘,1051
꿙,1052
꿚,1053
꿛,1054
꿜,1055
꿝,1056
꿞,1057
꿟,1058
꿠,1059
꿡,1060
꿢,1061
꿣,1062
꿤,1063
꿥,1064
꿦,1065
꿧,1066
꿨,1067
꿩,1068
꿪,1069
꿫,1070
꿬,1071
꿭,1072
꿮,1073
꿯,1074
꿰,1075
꿱,1076
꿲,1077
꿳,1078
꿴,1079
꿵,1080
꿶,1081
꿷,1082
꿸,1083
꿹,1084
꿺,1085
꿻,1086
꿼,1087
꿽,1088
꿾,1089
꿿,1090
뀀,1091
뀁,1092
뀂,1093
뀃,1094
뀄,1095
뀅,1096
뀆,1097
뀇,1098
뀈,1099
뀉,1100
뀊,1101
뀋,1102
뀌,1103
뀍,1104
뀎,1105
뀏,1106
뀐,1107
뀑,1108
뀒,1109
뀓,1110
뀔,1111
뀕,1112
뀖,1113
뀗,1114
뀘,1115
뀙,1116
뀚,1117
뀛,1118
뀜,1119
뀝,1120
뀞,1121
뀟,1122
뀠,1123
뀡,1124
뀢,1125
뀣,1126
뀤,1127
뀥,1128
뀦,1129
뀧,1130
뀨,1131
뀩,1132
뀪,1133
뀫,1134
뀬,1135
뀭,1136
뀮,1137
뀯,1138
뀰,1139
뀱,1140
뀲,1141
뀳,1142
뀴,1143
뀵,1144
뀶,1145
뀷,1146
뀸,1147
뀹,1148
뀺,1149
뀻,1150
뀼,1151
뀽,1152
뀾,1153
뀿,1154
끀,1155
끁,1156
끂,1157
끃,1158
끄,1159
끅,1160
끆,1161
끇,1162
끈,1163
끉,1164
끊,1165
끋,1166
끌,1167
끍,1168
끎,1169
끏,1170
끐,1171
끑,1172
끒,1173
끓,1174
끔,1175
끕,1176
끖,1177
끗,1178
끘,1179
끙,1180
끚,1181
끛,1182
끜,1183
끝,1184
끞,1185
끟,1186
끠,1187
끡,1188
끢,1189
끣,1190
끤,1191
끥,1192
끦,1193
끧,1194
끨,1195
끩,1196
끪,1197
끫,1198
끬,1199
끭,1200
끮,1201
끯,1202
끰,1203
끱,1204
끲,1205
끳,1206
끴,1207
끵,1208
끶,1209
끷,1210
끸,1211
끹,1212
끺,1213
끻,1214
끼,1215
끽,1216
끾,1217
끿,1218
낀,1219
낁,1220
낂,1221
낃,1222
낄,1223
낅,1224
낆,1225
낇,1226
낈,1227
낉,1228
낊,1229
낋,1230
낌,1231
낍,1232
낎,1233
낏,1234
낐,1235
낑,1236
낒,1237
낓,1238
낔,1239
낕,1240
낖,1241
낗,1242
나,1243
낙,1244
낚,1245
낛,1246
난,1247
낝,1248
낞,1249
낟,1250
날,1251
낡,1252
낢,1253
낣,1254
낤,1255
낥,1256
낦,1257
낧,1258
남,1259
납,1260
낪,1261
낫,1262
났,1263
낭,1264
낮,1265
낯,1266
낰,1267
낱,1268
낲,1269
낳,1270
내,1271
낵,1272
낶,1273
낷,1274
낸,1275
낹,1276
낺,1277
낻,1278
낼,1279
낽,1280
낾,1281
낿,1282
냀,1283
냁,1284
냂,1285
냃,1286
냄,1287
냅,1288
냆,1289
냇,1290
냈,1291
냉,1292
냊,1293
냋,1294
냌,1295
냍,1296
냎,1297
냏,1298
냐,1299
냑,1300
냒,1301
냓,1302
냔,1303
냕,1304
냖,1305
냗,1306
냘,1307
냙,1308
냚,1309
냛,1310
냜,1311
냝,1312
냞,1313
냟,1314
냠,1315
냡,1316
냢,1317
냣,1318
냤,1319
냥,1320
냦,1321
냧,1322
냨,1323
냩,1324
냪,1325
냫,1326
냬,1327
냭,1328
냮,1329
냯,1330
냰,1331
냱,1332
냲,1333
냳,1334
냴,1335
냵,1336
냶,1337
냷,1338
냸,1339
냹,1340
냺,1341
냻,1342
냼,1343
냽,1344
냾,1345
냿,1346
넀,1347
넁,1348
넂,1349
넃,1350
넄,1351
넅,1352
넆,1353
넇,1354
너,1355
넉,1356
넊,1357
넋,1358
넌,1359
넍,1360
넎,1361
넏,1362
널,1363
넑,1364
넒,1365
넓,1366
넔,1367
넕,1368
넖,1369
넗,1370
넘,1371
넙,1372
넚,1373
넛,1374
넜,1375
넝,1376
넞,1377
넟,1378
넠,1379
넡,1380
넢,1381
넣,1382
네,1383
넥,1384
넦,1385
넧,1386
넨,1387
넩,1388
넪,1389
넫,1390
넬,1391
넭,1392
넮,1393
넯,1394
넰,1395
넱,1396
넲,1397
넳,1398
넴,1399
넵,1400
넶,1401
넷,1402
넸,1403
넹,1404
넺,1405
넻,1406
넼,1407
넽,1408
넾,1409
넿,1410
녀,1411
녁,1412
녂,1413
녃,1414
년,1415
녅,1416
녆,1417
녇,1418
녈,1419
녉,1420
녊,1421
녋,1422
녌,1423
녍,1424
녎,1425
녏,1426
념,1427
녑,1428
녒,1429
녓,1430
녔,1431
녕,1432
녖,1433
녗,1434
녘,1435
녙,1436
녚,1437
녛,1438
녜,1439
녝,1440
녞,1441
녟,1442
녠,1443
녡,1444
녢,1445
녣,1446
녤,1447
녥,1448
녦,1449
녧,1450
녨,1451
녩,1452
녪,1453
녫,1454
녬,1455
녭,1456
녮,1457
녯,1458
녰,1459
녱,1460
녲,1461
녳,1462
녴,1463
녵,1464
녶,1465
녷,1466
노,1467
녹,1468
녺,1469
녻,1470
논,1471
녽,1472
녾,1473
녿,1474
놀,1475
놁,1476
놂,1477
놃,1478
놄,1479
놅,1480
놆,1481
놇,1482
놈,1483
놉,1484
놊,1485
놋,1486
놌,1487
농,1488
놎,1489
놏,1490
놐,1491
놑,1492
높,1493
놓,1494
놔,1495
놕,1496
놖,1497
놗,1498
놘,1499
놙,1500
놚,1501
놛,1502
놜,1503
놝,1504
놞,1505
놟,1506
놠,1507
놡,1508
놢,1509
놣,1510
놤,1511
놥,1512
놦,1513
놧,1514
놨,1515
놩,1516
놪,1517
놫,1518
놬,1519
놭,1520
놮,1521
놯,1522
놰,1523
놱,1524
놲,1525
놳,1526
놴,1527
놵,1528
놶,1529
놷,1530
놸,1531
놹,1532
놺,1533
놻,1534
놼,1535
놽,1536
놾,1537
놿,1538
뇀,1539
뇁,1540
뇂,1541
뇃,1542
뇄,1543
뇅,1544
뇆,1545
뇇,1546
뇈,1547
뇉,1548
뇊,1549
뇋,1550
뇌,1551
뇍,1552
뇎,1553
뇏,1554
뇐,1555
뇑,1556
뇒,1557
뇓,1558
뇔,1559
뇕,1560
뇖,1561
뇗,1562
뇘,1563
뇙,1564
뇚,1565
뇛,1566
뇜,1567
뇝,1568
뇞,1569
뇟,1570
뇠,1571
뇡,1572
뇢,1573
뇣,1574
뇤,1575
뇥,1576
뇦,1577
뇧,1578
뇨,1579
뇩,1580
뇪,1581
뇫,1582
뇬,1583
뇭,1584
뇮,1585
뇯,1586
뇰,1587
뇱,1588
뇲,1589
뇳,1590
뇴,1591
뇵,1592
뇶,1593
뇷,1594
뇸,1595
뇹,1596
뇺,1597
뇻,1598
뇼,1599
뇽,1600
뇾,1601
뇿,1602
눀,1603
눁,1604
눂,1605
눃,1606
누,1607
눅,1608
눆,1609
눇,1610
눈,1611
눉,1612
눊,1613
눋,1614
눌,1615
눍,1616
눎,1617
눏,1618
눐,1619
눑,1620
눒,1621
눓,1622
눔,1623
눕,1624
눖,1625
눗,1626
눘,1627
눙,1628
눚,1629
눛,1630
눜,1631
눝,1632
눞,1633
눟,1634
눠,1635
눡,1636
눢,1637
눣,1638
눤,1639
눥,1640
눦,1641
눧,1642
눨,1643
눩,1644
눪,1645
눫,1646
눬,1647
눭,1648
눮,1649
눯,1650
눰,1651
눱,1652
눲,1653
눳,1654
눴,1655
눵,1656
눶,1657
눷,1658
눸,1659
눹,1660
눺,1661
눻,1662
눼,1663
눽,1664
눾,1665
눿,1666
뉀,1667
뉁,1668
뉂,1669
뉃,1670
뉄,1671
뉅,1672
뉆,1673
뉇,1674
뉈,1675
뉉,1676
뉊,1677
뉋,1678
뉌,1679
뉍,1680
뉎,1681
뉏,1682
뉐,1683
뉑,1684
뉒,1685
뉓,1686
뉔,1687
뉕,1688
뉖,1689
뉗,1690
뉘,1691
뉙,1692
뉚,1693
뉛,1694
뉜,1695
뉝,1696
뉞,1697
뉟,1698
뉠,1699
뉡,1700
뉢,1701
뉣,1702
뉤,1703
뉥,1704
뉦,1705
뉧,1706
뉨,1707
뉩,1708
뉪,1709
뉫,1710
뉬,1711
뉭,1712
뉮,1713
뉯,1714
뉰,1715
뉱,1716
뉲,1717
뉳,1718
뉴,1719
뉵,1720
뉶,1721
뉷,1722
뉸,1723
뉹,1724
뉺,1725
뉻,1726
뉼,1727
뉽,1728
뉾,1729
뉿,1730
늀,1731
늁,1732
늂,1733
늃,1734
늄,1735
늅,1736
늆,1737
늇,1738
늈,1739
늉,1740
늊,1741
늋,1742
늌,1743
늍,1744
늎,1745
늏,1746
느,1747
늑,1748
늒,1749
늓,1750
는,1751
늕,1752
늖,1753
늗,1754
늘,1755
늙,1756
늚,1757
늛,1758
늜,1759
늝,1760
늞,1761
늟,1762
늠,1763
늡,1764
늢,1765
늣,1766
늤,1767
능,1768
늦,1769
늧,1770
늨,1771
늩,1772
늪,1773
늫,1774
늬,1775
늭,1776
늮,1777
늯,1778
늰,1779
늱,1780
늲,1781
늳,1782
늴,1783
늵,1784
늶,1785
늷,1786
늸,1787
늹,1788
늺,1789
늻,1790
늼,1791
늽,1792
늾,1793
늿,1794
닀,1795
닁,1796
닂,1797
닃,1798
닄,1799
닅,1800
닆,1801
닇,1802
니,1803
닉,1804
닊,1805
닋,1806
닌,1807
닍,1808
닎,1809
닏,1810
닐,1811
닑,1812
닒,1813
닓,1814
닔,1815
닕,1816
닖,1817
닗,1818
님,1819
닙,1820
닚,1821
닛,1822
닜,1823
닝,1824
닞,1825
닟,1826
닠,1827
닡,1828
닢,1829
닣,1830
다,1831
닥,1832
닦,1833
닧,1834
단,1835
닩,1836
닪,1837
닫,1838
달,1839
닭,1840
닮,1841
닯,1842
닰,1843
닱,1844
닲,1845
닳,1846
담,1847
답,1848
닶,1849
닷,1850
닸,1851
당,1852
닺,1853
닻,1854
닼,1855
닽,1856
닾,1857
닿,1858
대,1859
댁,1860
댂,1861
댃,1862
댄,1863
댅,1864
댆,1865
댇,1866
댈,1867
댉,1868
댊,1869
댋,1870
댌,1871
댍,1872
댎,1873
댏,1874
댐,1875
댑,1876
댒,1877
댓,1878
댔,1879
댕,1880
댖,1881
댗,1882
댘,1883
댙,1884
댚,1885
댛,1886
댜,1887
댝,1888
댞,1889
댟,1890
댠,1891
댡,1892
댢,1893
댣,1894
댤,1895
댥,1896
댦,1897
댧,1898
댨,1899
댩,1900
댪,1901
댫,1902
댬,1903
댭,1904
댮,1905
댯,1906
댰,1907
댱,1908
댲,1909
댳,1910
댴,1911
댵,1912
댶,1913
댷,1914
댸,1915
댹,1916
댺,1917
댻,1918
댼,1919
댽,1920
댾,1921
댿,1922
덀,1923
덁,1924
덂,1925
덃,1926
덄,1927
덅,1928
덆,1929
덇,1930
덈,1931
덉,1932
덊,1933
덋,1934
덌,1935
덍,1936
덎,1937
덏,1938
덐,1939
덑,1940
덒,1941
덓,1942
더,1943
덕,1944
덖,1945
덗,1946
던,1947
덙,1948
덚,1949
덛,1950
덜,1951
덝,1952
덞,1953
덟,1954
덠,1955
덡,1956
덢,1957
덣,1958
덤,1959
덥,1960
덦,1961
덧,1962
덨,1963
덩,1964
덪,1965
덫,1966
덬,1967
덭,1968
덮,1969
덯,1970
데,1971
덱,1972
덲,1973
덳,1974
덴,1975
덵,1976
덶,1977
덷,1978
델,1979
덹,1980
덺,1981
덻,1982
덼,1983
덽,1984
덾,1985
덿,1986
뎀,1987
뎁,1988
뎂,1989
뎃,1990
뎄,1991
뎅,1992
뎆,1993
뎇,1994
뎈,1995
뎉,1996
뎊,1997
뎋,1998
뎌,1999
뎍,2000
뎎,2001
뎏,2002
뎐,2003
뎑,2004
뎒,2005
뎓,2006
뎔,2007
뎕,2008
뎖,2009
뎗,2010
뎘,2011
뎙,2012
뎚,2013
뎛,2014
뎜,2015
뎝,2016
뎞,2017
뎟,2018
뎠,2019
뎡,2020
뎢,2021
뎣,2022
뎤,2023
뎥,2024
뎦,2025
뎧,2026
뎨,2027
뎩,2028
뎪,2029
뎫,2030
뎬,2031
뎭,2032
뎮,2033
뎯,2034
뎰,2035
뎱,2036
뎲,2037
뎳,2038
뎴,2039
뎵,2040
뎶,2041
뎷,2042
뎸,2043
뎹,2044
뎺,2045
뎻,2046
뎼,2047
뎽,2048
뎾,2049
뎿,2050
돀,2051
돁,2052
돂,2053
돃,2054
도,2055
독,2056
돆,2057
돇,2058
돈,2059
돉,2060
돊,2061
돋,2062
돌,2063
돍,2064
돎,2065
돏,2066
돐,2067
돑,2068
돒,2069
돓,2070
돔,2071
돕,2072
돖,2073
돗,2074
돘,2075
동,2076
돚,2077
돛,2078
돜,2079
돝,2080
돞,2081
돟,2082
돠,2083
돡,2084
돢,2085
돣,2086
돤,2087
돥,2088
돦,2089
돧,2090
돨,2091
돩,2092
돪,2093
돫,2094
돬,2095
돭,2096
돮,2097
돯,2098
돰,2099
돱,2100
돲,2101
돳,2102
돴,2103
돵,2104
돶,2105
돷,2106
돸,2107
돹,2108
돺,2109
돻,2110
돼,2111
돽,2112
돾,2113
돿,2114
됀,2115
됁,2116
됂,2117
됃,2118
됄,2119
됅,2120
됆,2121
됇,2122
됈,2123
됉,2124
됊,2125
됋,2126
됌,2127
됍,2128
됎,2129
됏,2130
됐,2131
됑,2132
됒,2133
됓,2134
됔,2135
됕,2136
됖,2137
됗,2138
되,2139
됙,2140
됚,2141
됛,2142
된,2143
됝,2144
됞,2145
됟,2146
될,2147
됡,2148
됢,2149
됣,2150
됤,2151
됥,2152
됦,2153
됧,2154
됨,2155
됩,2156
됪,2157
됫,2158
됬,2159
됭,2160
됮,2161
됯,2162
됰,2163
됱,2164
됲,2165
됳,2166
됴,2167
됵,2168
됶,2169
됷,2170
됸,2171
됹,2172
됺,2173
됻,2174
됼,2175
됽,2176
됾,2177
됿,2178
둀,2179
둁,2180
둂,2181
둃,2182
둄,2183
둅,2184
둆,2185
둇,2186
둈,2187
둉,2188
둊,2189
둋,2190
둌,2191
둍,2192
둎,2193
둏,2194
두,2195
둑,2196
둒,2197
둓,2198
둔,2199
둕,2200
둖,2201
둗,2202
둘,2203
둙,2204
둚,2205
둛,2206
둜,2207
둝,2208
둞,2209
둟,2210
둠,2211
둡,2212
둢,2213
둣,2214
둤,2215
둥,2216
둦,2217
둧,2218
둨,2219
둩,2220
둪,2221
둫,2222
둬,2223
둭,2224
둮,2225
둯,2226
둰,2227
둱,2228
둲,2229
둳,2230
둴,2231
둵,2232
둶,2233
둷,2234
둸,2235
둹,2236
둺,2237
둻,2238
둼,2239
둽,2240
둾,2241
둿,2242
뒀,2243
뒁,2244
뒂,2245
뒃,2246
뒄,2247
뒅,2248
뒆,2249
뒇,2250
뒈,2251
뒉,2252
뒊,2253
뒋,2254
뒌,2255
뒍,2256
뒎,2257
뒏,2258
뒐,2259
뒑,2260
뒒,2261
뒓,2262
뒔,2263
뒕,2264
뒖,2265
뒗,2266
뒘,2267
뒙,2268
뒚,2269
뒛,2270
뒜,2271
뒝,2272
뒞,2273
뒟,2274
뒠,2275
뒡,2276
뒢,2277
뒣,2278
뒤,2279
뒥,2280
뒦,2281
뒧,2282
뒨,2283
뒩,2284
뒪,2285
뒫,2286
뒬,2287
뒭,2288
뒮,2289
뒯,2290
뒰,2291
뒱,2292
뒲,2293
뒳,2294
뒴,2295
뒵,2296
뒶,2297
뒷,2298
뒸,2299
뒹,2300
뒺,2301
뒻,2302
뒼,2303
뒽,2304
뒾,2305
뒿,2306
듀,2307
듁,2308
듂,2309
듃,2310
듄,2311
듅,2312
듆,2313
듇,2314
듈,2315
듉,2316
듊,2317
듋,2318
듌,2319
듍,2320
듎,2321
듏,2322
듐,2323
듑,2324
듒,2325
듓,2326
듔,2327
듕,2328
듖,2329
듗,2330
듘,2331
듙,2332
듚,2333
듛,2334
드,2335
득,2336
듞,2337
듟,2338
든,2339
듡,2340
듢,2341
듣,2342
들,2343
듥,2344
듦,2345
듧,2346
듨,2347
듩,2348
듪,2349
듫,2350
듬,2351
듭,2352
듮,2353
듯,2354
듰,2355
등,2356
듲,2357
듳,2358
듴,2359
듵,2360
듶,2361
듷,2362
듸,2363
듹,2364
듺,2365
듻,2366
듼,2367
듽,2368
듾,2369
듿,2370
딀,2371
딁,2372
딂,2373
딃,2374
딄,2375
딅,2376
딆,2377
딇,2378
딈,2379
딉,2380
딊,2381
딋,2382
딌,2383
딍,2384
딎,2385
딏,2386
딐,2387
딑,2388
딒,2389
딓,2390
디,2391
딕,2392
딖,2393
딗,2394
딘,2395
딙,2396
딚,2397
딛,2398
딜,2399
딝,2400
딞,2401
딟,2402
딠,2403
딡,2404
딢,2405
딣,2406
딤,2407
딥,2408
딦,2409
딧,2410
딨,2411
딩,2412
딪,2413
딫,2414
딬,2415
딭,2416
딮,2417
딯,2418
따,2419
딱,2420
딲,2421
딳,2422
딴,2423
딵,2424
딶,2425
딷,2426
딸,2427
딹,2428
딺,2429
딻,2430
딼,2431
딽,2432
딾,2433
딿,2434
땀,2435
땁,2436
땂,2437
땃,2438
땄,2439
땅,2440
땆,2441
땇,2442
땈,2443
땉,2444
땊,2445
땋,2446
때,2447
땍,2448
땎,2449
땏,2450
땐,2451
땑,2452
땒,2453
땓,2454
땔,2455
땕,2456
땖,2457
땗,2458
땘,2459
땙,2460
땚,2461
땛,2462
땜,2463
땝,2464
땞,2465
땟,2466
땠,2467
땡,2468
땢,2469
땣,2470
땤,2471
땥,2472
땦,2473
땧,2474
땨,2475
땩,2476
땪,2477
땫,2478
땬,2479
땭,2480
땮,2481
땯,2482
땰,2483
땱,2484
땲,2485
땳,2486
땴,2487
땵,2488
땶,2489
땷,2490
땸,2491
땹,2492
땺,2493
땻,2494
땼,2495
땽,2496
땾,2497
땿,2498
떀,2499
떁,2500
떂,2501
떃,2502
떄,2503
떅,2504
떆,2505
떇,2506
떈,2507
떉,2508
떊,2509
떋,2510
떌,2511
떍,2512
떎,2513
떏,2514
떐,2515
떑,2516
떒,2517
떓,2518
떔,2519
떕,2520
떖,2521
떗,2522
떘,2523
떙,2524
떚,2525
떛,2526
떜,2527
떝,2528
떞,2529
떟,2530
떠,2531
떡,2532
떢,2533
떣,2534
떤,2535
떥,2536
떦,2537
떧,2538
떨,2539
떩,2540
떪,2541
떫,2542
떬,2543
떭,2544
떮,2545
떯,2546
떰,2547
떱,2548
떲,2549
떳,2550
떴,2551
떵,2552
떶,2553
떷,2554
떸,2555
떹,2556
떺,2557
떻,2558
떼,2559
떽,2560
떾,2561
떿,2562
뗀,2563
뗁,2564
뗂,2565
뗃,2566
뗄,2567
뗅,2568
뗆,2569
뗇,2570
뗈,2571
뗉,2572
뗊,2573
뗋,2574
뗌,2575
뗍,2576
뗎,2577
뗏,2578
뗐,2579
뗑,2580
뗒,2581
뗓,2582
뗔,2583
뗕,2584
뗖,2585
뗗,2586
뗘,2587
뗙,2588
뗚,2589
뗛,2590
뗜,2591
뗝,2592
뗞,2593
뗟,2594
뗠,2595
뗡,2596
뗢,2597
뗣,2598
뗤,2599
뗥,2600
뗦,2601
뗧,2602
뗨,2603
뗩,2604
뗪,2605
뗫,2606
뗬,2607
뗭,2608
뗮,2609
뗯,2610
뗰,2611
뗱,2612
뗲,2613
뗳,2614
뗴,2615
뗵,2616
뗶,2617
뗷,2618
뗸,2619
뗹,2620
뗺,2621
뗻,2622
뗼,2623
뗽,2624
뗾,2625
뗿,2626
똀,2627
똁,2628
똂,2629
똃,2630
똄,2631
똅,2632
똆,2633
똇,2634
똈,2635
똉,2636
똊,2637
똋,2638
똌,2639
똍,2640
똎,2641
똏,2642
또,2643
똑,2644
똒,2645
똓,2646
똔,2647
똕,2648
똖,2649
똗,2650
똘,2651
똙,2652
똚,2653
똛,2654
똜,2655
똝,2656
똞,2657
똟,2658
똠,2659
똡,2660
똢,2661
똣,2662
똤,2663
똥,2664
똦,2665
똧,2666
똨,2667
똩,2668
똪,2669
똫,2670
똬,2671
똭,2672
똮,2673
똯,2674
똰,2675
똱,2676
똲,2677
똳,2678
똴,2679
똵,2680
똶,2681
똷,2682
똸,2683
똹,2684
똺,2685
똻,2686
똼,2687
똽,2688
똾,2689
똿,2690
뙀,2691
뙁,2692
뙂,2693
뙃,2694
뙄,2695
뙅,2696
뙆,2697
뙇,2698
뙈,2699
뙉,2700
뙊,2701
뙋,2702
뙌,2703
뙍,2704
뙎,2705
뙏,2706
뙐,2707
뙑,2708
뙒,2709
뙓,2710
뙔,2711
뙕,2712
뙖,2713
뙗,2714
뙘,2715
뙙,2716
뙚,2717
뙛,2718
뙜,2719
뙝,2720
뙞,2721
뙟,2722
뙠,2723
뙡,2724
뙢,2725
뙣,2726
뙤,2727
뙥,2728
뙦,2729
뙧,2730
뙨,2731
뙩,2732
뙪,2733
뙫,2734
뙬,2735
뙭,2736
뙮,2737
뙯,2738
뙰,2739
뙱,2740
뙲,2741
뙳,2742
뙴,2743
뙵,2744
뙶,2745
뙷,2746
뙸,2747
뙹,2748
뙺,2749
뙻,2750
뙼,2751
뙽,2752
뙾,2753
뙿,2754
뚀,2755
뚁,2756
뚂,2757
뚃,2758
뚄,2759
뚅,2760
뚆,2761
뚇,2762
뚈,2763
뚉,2764
뚊,2765
뚋,2766
뚌,2767
뚍,2768
뚎,2769
뚏,2770
뚐,2771
뚑,2772
뚒,2773
뚓,2774
뚔,2775
뚕,2776
뚖,2777
뚗,2778
뚘,2779
뚙,2780
뚚,2781
뚛,2782
뚜,2783
뚝,2784
뚞,2785
뚟,2786
뚠,2787
뚡,2788
뚢,2789
뚣,2790
뚤,2791
뚥,2792
뚦,2793
뚧,2794
뚨,2795
뚩,2796
뚪,2797
뚫,2798
뚬,2799
뚭,2800
뚮,2801
뚯,2802
뚰,2803
뚱,2804
뚲,2805
뚳,2806
뚴,2807
뚵,2808
뚶,2809
뚷,2810
뚸,2811
뚹,2812
뚺,2813
뚻,2814
뚼,2815
뚽,2816
뚾,2817
뚿,2818
뛀,2819
뛁,2820
뛂,2821
뛃,2822
뛄,2823
뛅,2824
뛆,2825
뛇,2826
뛈,2827
뛉,2828
뛊,2829
뛋,2830
뛌,2831
뛍,2832
뛎,2833
뛏,2834
뛐,2835
뛑,2836
뛒,2837
뛓,2838
뛔,2839
뛕,2840
뛖,2841
뛗,2842
뛘,2843
뛙,2844
뛚,2845
뛛,2846
뛜,2847
뛝,2848
뛞,2849
뛟,2850
뛠,2851
뛡,2852
뛢,2853
뛣,2854
뛤,2855
뛥,2856
뛦,2857
뛧,2858
뛨,2859
뛩,2860
뛪,2861
뛫,2862
뛬,2863
뛭,2864
뛮,2865
뛯,2866
뛰,2867
뛱,2868
뛲,2869
뛳,2870
뛴,2871
뛵,2872
뛶,2873
뛷,2874
뛸,2875
뛹,2876
뛺,2877
뛻,2878
뛼,2879
뛽,2880
뛾,2881
뛿,2882
뜀,2883
뜁,2884
뜂,2885
뜃,2886
뜄,2887
뜅,2888
뜆,2889
뜇,2890
뜈,2891
뜉,2892
뜊,2893
뜋,2894
뜌,2895
뜍,2896
뜎,2897
뜏,2898
뜐,2899
뜑,2900
뜒,2901
뜓,2902
뜔,2903
뜕,2904
뜖,2905
뜗,2906
뜘,2907
뜙,2908
뜚,2909
뜛,2910
뜜,2911
뜝,2912
뜞,2913
뜟,2914
뜠,2915
뜡,2916
뜢,2917
뜣,2918
뜤,2919
뜥,2920
뜦,2921
뜧,2922
뜨,2923
뜩,2924
뜪,2925
뜫,2926
뜬,2927
뜭,2928
뜮,2929
뜯,2930
뜰,2931
뜱,2932
뜲,2933
뜳,2934
뜴,2935
뜵,2936
뜶,2937
뜷,2938
뜸,2939
뜹,2940
뜺,2941
뜻,2942
뜼,2943
뜽,2944
뜾,2945
뜿,2946
띀,2947
띁,2948
띂,2949
띃,2950
띄,2951
띅,2952
띆,2953
띇,2954
띈,2955
띉,2956
띊,2957
띋,2958
띌,2959
띍,2960
띎,2961
띏,2962
띐,2963
띑,2964
띒,2965
띓,2966
띔,2967
띕,2968
띖,2969
띗,2970
띘,2971
띙,2972
띚,2973
띛,2974
띜,2975
띝,2976
띞,2977
띟,2978
띠,2979
띡,2980
띢,2981
띣,2982
띤,2983
띥,2984
띦,2985
띧,2986
띨,2987
띩,2988
띪,2989
띫,2990
띬,2991
띭,2992
띮,2993
띯,2994
띰,2995
띱,2996
띲,2997
띳,2998
띴,2999
띵,3000
띶,3001
띷,3002
띸,3003
띹,3004
띺,3005
띻,3006
라,3007
락,3008
띾,3009
띿,3010
란,3011
랁,3012
랂,3013
랃,3014
랄,3015
랅,3016
랆,3017
랇,3018
랈,3019
랉,3020
랊,3021
랋,3022
람,3023
랍,3024
랎,3025
랏,3026
랐,3027
랑,3028
랒,3029
랓,3030
랔,3031
랕,3032
랖,3033
랗,3034
래,3035
랙,3036
랚,3037
랛,3038
랜,3039
랝,3040
랞,3041
랟,3042
랠,3043
랡,3044
랢,3045
랣,3046
랤,3047
랥,3048
랦,3049
랧,3050
램,3051
랩,3052
랪,3053
랫,3054
랬,3055
랭,3056
랮,3057
랯,3058
랰,3059
랱,3060
랲,3061
랳,3062
랴,3063
략,3064
랶,3065
랷,3066
랸,3067
랹,3068
랺,3069
랻,3070
랼,3071
랽,3072
랾,3073
랿,3074
럀,3075
럁,3076
럂,3077
럃,3078
럄,3079
럅,3080
럆,3081
럇,3082
럈,3083
량,3084
럊,3085
럋,3086
럌,3087
럍,3088
럎,3089
럏,3090
럐,3091
럑,3092
럒,3093
럓,3094
럔,3095
럕,3096
럖,3097
럗,3098
럘,3099
럙,3100
럚,3101
럛,3102
럜,3103
럝,3104
럞,3105
럟,3106
럠,3107
럡,3108
럢,3109
럣,3110
럤,3111
럥,3112
럦,3113
럧,3114
럨,3115
럩,3116
럪,3117
럫,3118
러,3119
럭,3120
럮,3121
럯,3122
런,3123
럱,3124
럲,3125
럳,3126
럴,3127
럵,3128
럶,3129
럷,3130
럸,3131
럹,3132
럺,3133
럻,3134
럼,3135
럽,3136
럾,3137
럿,3138
렀,3139
렁,3140
렂,3141
렃,3142
렄,3143
렅,3144
렆,3145
렇,3146
레,3147
렉,3148
렊,3149
렋,3150
렌,3151
렍,3152
렎,3153
렏,3154
렐,3155
렑,3156
렒,3157
렓,3158
렔,3159
렕,3160
렖,3161
렗,3162
렘,3163
렙,3164
렚,3165
렛,3166
렜,3167
렝,3168
렞,3169
렟,3170
렠,3171
렡,3172
렢,3173
렣,3174
려,3175
력,3176
렦,3177
렧,3178
련,3179
렩,3180
렪,3181
렫,3182
렬,3183
렭,3184
렮,3185
렯,3186
렰,3187
렱,3188
렲,3189
렳,3190
렴,3191
렵,3192
렶,3193
렷,3194
렸,3195
령,3196
렺,3197
렻,3198
렼,3199
렽,3200
렾,3201
렿,3202
례,3203
롁,3204
롂,3205
롃,3206
롄,3207
롅,3208
롆,3209
롇,3210
롈,3211
롉,3212
롊,3213
롋,3214
롌,3215
롍,3216
롎,3217
롏,3218
롐,3219
롑,3220
롒,3221
롓,3222
롔,3223
롕,3224
롖,3225
롗,3226
롘,3227
롙,3228
롚,3229
롛,3230
로,3231
록,3232
롞,3233
롟,3234
론,3235
롡,3236
롢,3237
롣,3238
롤,3239
롥,3240
롦,3241
롧,3242
롨,3243
롩,3244
롪,3245
롫,3246
롬,3247
롭,3248
롮,3249
롯,3250
롰,3251
롱,3252
롲,3253
롳,3254
롴,3255
롵,3256
롶,3257
롷,3258
롸,3259
롹,3260
롺,3261
롻,3262
롼,3263
롽,3264
롾,3265
롿,3266
뢀,3267
뢁,3268
뢂,3269
뢃,3270
뢄,3271
뢅,3272
뢆,3273
뢇,3274
뢈,3275
뢉,3276
뢊,3277
뢋,3278
뢌,3279
뢍,3280
뢎,3281
뢏,3282
뢐,3283
뢑,3284
뢒,3285
뢓,3286
뢔,3287
뢕,3288
뢖,3289
뢗,3290
뢘,3291
뢙,3292
뢚,3293
뢛,3294
뢜,3295
뢝,3296
뢞,3297
뢟,3298
뢠,3299
뢡,3300
뢢,3301
뢣,3302
뢤,3303
뢥,3304
뢦,3305
뢧,3306
뢨,3307
뢩,3308
뢪,3309
뢫,3310
뢬,3311
뢭,3312
뢮,3313
뢯,3314
뢰,3315
뢱,3316
뢲,3317
뢳,3318
뢴,3319
뢵,3320
뢶,3321
뢷,3322
뢸,3323
뢹,3324
뢺,3325
뢻,3326
뢼,3327
뢽,3328
뢾,3329
뢿,3330
룀,3331
룁,3332
룂,3333
룃,3334
룄,3335
룅,3336
룆,3337
룇,3338
룈,3339
룉,3340
룊,3341
룋,3342
료,3343
룍,3344
룎,3345
룏,3346
룐,3347
룑,3348
룒,3349
룓,3350
룔,3351
룕,3352
룖,3353
룗,3354
룘,3355
룙,3356
룚,3357
룛,3358
룜,3359
룝,3360
룞,3361
룟,3362
룠,3363
룡,3364
룢,3365
룣,3366
룤,3367
룥,3368
룦,3369
룧,3370
루,3371
룩,3372
룪,3373
룫,3374
룬,3375
룭,3376
룮,3377
룯,3378
룰,3379
룱,3380
룲,3381
룳,3382
룴,3383
룵,3384
룶,3385
룷,3386
룸,3387
룹,3388
룺,3389
룻,3390
룼,3391
룽,3392
룾,3393
룿,3394
뤀,3395
뤁,3396
뤂,3397
뤃,3398
뤄,3399
뤅,3400
뤆,3401
뤇,3402
뤈,3403
뤉,3404
뤊,3405
뤋,3406
뤌,3407
뤍,3408
뤎,3409
뤏,3410
뤐,3411
뤑,3412
뤒,3413
뤓,3414
뤔,3415
뤕,3416
뤖,3417
뤗,3418
뤘,3419
뤙,3420
뤚,3421
뤛,3422
뤜,3423
뤝,3424
뤞,3425
뤟,3426
뤠,3427
뤡,3428
뤢,3429
뤣,3430
뤤,3431
뤥,3432
뤦,3433
뤧,3434
뤨,3435
뤩,3436
뤪,3437
뤫,3438
뤬,3439
뤭,3440
뤮,3441
뤯,3442
뤰,3443
뤱,3444
뤲,3445
뤳,3446
뤴,3447
뤵,3448
뤶,3449
뤷,3450
뤸,3451
뤹,3452
뤺,3453
뤻,3454
뤼,3455
뤽,3456
뤾,3457
뤿,3458
륀,3459
륁,3460
륂,3461
륃,3462
륄,3463
륅,3464
륆,3465
륇,3466
륈,3467
륉,3468
륊,3469
륋,3470
륌,3471
륍,3472
륎,3473
륏,3474
륐,3475
륑,3476
륒,3477
륓,3478
륔,3479
륕,3480
륖,3481
륗,3482
류,3483
륙,3484
륚,3485
륛,3486
륜,3487
륝,3488
륞,3489
륟,3490
률,3491
륡,3492
륢,3493
륣,3494
륤,3495
륥,3496
륦,3497
륧,3498
륨,3499
륩,3500
륪,3501
륫,3502
륬,3503
륭,3504
륮,3505
륯,3506
륰,3507
륱,3508
륲,3509
륳,3510
르,3511
륵,3512
륶,3513
륷,3514
른,3515
륹,3516
륺,3517
륻,3518
를,3519
륽,3520
륾,3521
륿,3522
릀,3523
릁,3524
릂,3525
릃,3526
름,3527
릅,3528
릆,3529
릇,3530
릈,3531
릉,3532
릊,3533
릋,3534
릌,3535
릍,3536
릎,3537
릏,3538
릐,3539
릑,3540
릒,3541
릓,3542
릔,3543
릕,3544
릖,3545
릗,3546
릘,3547
릙,3548
릚,3549
릛,3550
릜,3551
릝,3552
릞,3553
릟,3554
릠,3555
릡,3556
릢,3557
릣,3558
릤,3559
릥,3560
릦,3561
릧,3562
릨,3563
릩,3564
릪,3565
릫,3566
리,3567
릭,3568
릮,3569
릯,3570
린,3571
릱,3572
릲,3573
릳,3574
릴,3575
릵,3576
릶,3577
릷,3578
릸,3579
릹,3580
릺,3581
릻,3582
림,3583
립,3584
릾,3585
릿,3586
맀,3587
링,3588
맂,3589
맃,3590
맄,3591
맅,3592
맆,3593
맇,3594
마,3595
막,3596
맊,3597
맋,3598
만,3599
맍,3600
많,3601
맏,3602
말,3603
맑,3604
맒,3605
맓,3606
맔,3607
맕,3608
맖,3609
맗,3610
맘,3611
맙,3612
맚,3613
맛,3614
맜,3615
망,3616
맞,3617
맟,3618
맠,3619
맡,3620
맢,3621
맣,3622
매,3623
맥,3624
맦,3625
맧,3626
맨,3627
맩,3628
맪,3629
맫,3630
맬,3631
맭,3632
맮,3633
맯,3634
맰,3635
맱,3636
맲,3637
맳,3638
맴,3639
맵,3640
맶,3641
맷,3642
맸,3643
맹,3644
맺,3645
맻,3646
맼,3647
맽,3648
맾,3649
맿,3650
먀,3651
먁,3652
먂,3653
먃,3654
먄,3655
먅,3656
먆,3657
먇,3658
먈,3659
먉,3660
먊,3661
먋,3662
먌,3663
먍,3664
먎,3665
먏,3666
먐,3667
먑,3668
먒,3669
먓,3670
먔,3671
먕,3672
먖,3673
먗,3674
먘,3675
먙,3676
먚,3677
먛,3678
먜,3679
먝,3680
먞,3681
먟,3682
먠,3683
먡,3684
먢,3685
먣,3686
먤,3687
먥,3688
먦,3689
먧,3690
먨,3691
먩,3692
먪,3693
먫,3694
먬,3695
먭,3696
먮,3697
먯,3698
먰,3699
먱,3700
먲,3701
먳,3702
먴,3703
먵,3704
먶,3705
먷,3706
머,3707
먹,3708
먺,3709
먻,3710
먼,3711
먽,3712
먾,3713
먿,3714
멀,3715
멁,3716
멂,3717
멃,3718
멄,3719
멅,3720
멆,3721
멇,3722
멈,3723
멉,3724
멊,3725
멋,3726
멌,3727
멍,3728
멎,3729
멏,3730
멐,3731
멑,3732
멒,3733
멓,3734
메,3735
멕,3736
멖,3737
멗,3738
멘,3739
멙,3740
멚,3741
멛,3742
멜,3743
멝,3744
멞,3745
멟,3746
멠,3747
멡,3748
멢,3749
멣,3750
멤,3751
멥,3752
멦,3753
멧,3754
멨,3755
멩,3756
멪,3757
멫,3758
멬,3759
멭,3760
멮,3761
멯,3762
며,3763
멱,3764
멲,3765
멳,3766
면,3767
멵,3768
멶,3769
멷,3770
멸,3771
멹,3772
멺,3773
멻,3774
멼,3775
멽,3776
멾,3777
멿,3778
몀,3779
몁,3780
몂,3781
몃,3782
몄,3783
명,3784
몆,3785
몇,3786
몈,3787
몉,3788
몊,3789
몋,3790
몌,3791
몍,3792
몎,3793
몏,3794
몐,3795
몑,3796
몒,3797
몓,3798
몔,3799
몕,3800
몖,3801
몗,3802
몘,3803
몙,3804
몚,3805
몛,3806
몜,3807
몝,3808
몞,3809
몟,3810
몠,3811
몡,3812
몢,3813
몣,3814
몤,3815
몥,3816
몦,3817
몧,3818
모,3819
목,3820
몪,3821
몫,3822
몬,3823
몭,3824
몮,3825
몯,3826
몰,3827
몱,3828
몲,3829
몳,3830
몴,3831
몵,3832
몶,3833
몷,3834
몸,3835
몹,3836
몺,3837
못,3838
몼,3839
몽,3840
몾,3841
몿,3842
뫀,3843
뫁,3844
뫂,3845
뫃,3846
뫄,3847
뫅,3848
뫆,3849
뫇,3850
뫈,3851
뫉,3852
뫊,3853
뫋,3854
뫌,3855
뫍,3856
뫎,3857
뫏,3858
뫐,3859
뫑,3860
뫒,3861
뫓,3862
뫔,3863
뫕,3864
뫖,3865
뫗,3866
뫘,3867
뫙,3868
뫚,3869
뫛,3870
뫜,3871
뫝,3872
뫞,3873
뫟,3874
뫠,3875
뫡,3876
뫢,3877
뫣,3878
뫤,3879
뫥,3880
뫦,3881
뫧,3882
뫨,3883
뫩,3884
뫪,3885
뫫,3886
뫬,3887
뫭,3888
뫮,3889
뫯,3890
뫰,3891
뫱,3892
뫲,3893
뫳,3894
뫴,3895
뫵,3896
뫶,3897
뫷,3898
뫸,3899
뫹,3900
뫺,3901
뫻,3902
뫼,3903
뫽,3904
뫾,3905
뫿,3906
묀,3907
묁,3908
묂,3909
묃,3910
묄,3911
묅,3912
묆,3913
묇,3914
묈,3915
묉,3916
묊,3917
묋,3918
묌,3919
묍,3920
묎,3921
묏,3922
묐,3923
묑,3924
묒,3925
묓,3926
묔,3927
묕,3928
묖,3929
묗,3930
묘,3931
묙,3932
묚,3933
묛,3934
묜,3935
묝,3936
묞,3937
묟,3938
묠,3939
묡,3940
묢,3941
묣,3942
묤,3943
묥,3944
묦,3945
묧,3946
묨,3947
묩,3948
묪,3949
묫,3950
묬,3951
묭,3952
묮,3953
묯,3954
묰,3955
묱,3956
묲,3957
묳,3958
무,3959
묵,3960
묶,3961
묷,3962
문,3963
묹,3964
묺,3965
묻,3966
물,3967
묽,3968
묾,3969
묿,3970
뭀,3971
뭁,3972
뭂,3973
뭃,3974
뭄,3975
뭅,3976
뭆,3977
뭇,3978
뭈,3979
뭉,3980
뭊,3981
뭋,3982
뭌,3983
뭍,3984
뭎,3985
뭏,3986
뭐,3987
뭑,3988
뭒,3989
뭓,3990
뭔,3991
뭕,3992
뭖,3993
뭗,3994
뭘,3995
뭙,3996
뭚,3997
뭛,3998
뭜,3999
뭝,4000
뭞,4001
뭟,4002
뭠,4003
뭡,4004
뭢,4005
뭣,4006
뭤,4007
뭥,4008
뭦,4009
뭧,4010
뭨,4011
뭩,4012
뭪,4013
뭫,4014
뭬,4015
뭭,4016
뭮,4017
뭯,4018
뭰,4019
뭱,4020
뭲,4021
뭳,4022
뭴,4023
뭵,4024
뭶,4025
뭷,4026
뭸,4027
뭹,4028
뭺,4029
뭻,4030
뭼,4031
뭽,4032
뭾,4033
뭿,4034
뮀,4035
뮁,4036
뮂,4037
뮃,4038
뮄,4039
뮅,4040
뮆,4041
뮇,4042
뮈,4043
뮉,4044
뮊,4045
뮋,4046
뮌,4047
뮍,4048
뮎,4049
뮏,4050
뮐,4051
뮑,4052
뮒,4053
뮓,4054
뮔,4055
뮕,4056
뮖,4057
뮗,4058
뮘,4059
뮙,4060
뮚,4061
뮛,4062
뮜,4063
뮝,4064
뮞,4065
뮟,4066
뮠,4067
뮡,4068
뮢,4069
뮣,4070
뮤,4071
뮥,4072
뮦,4073
뮧,4074
뮨,4075
뮩,4076
뮪,4077
뮫,4078
뮬,4079
뮭,4080
뮮,4081
뮯,4082
뮰,4083
뮱,4084
뮲,4085
뮳,4086
뮴,4087
뮵,4088
뮶,4089
뮷,4090
뮸,4091
뮹,4092
뮺,4093
뮻,4094
뮼,4095
뮽,4096
뮾,4097
뮿,4098
므,4099
믁,4100
믂,4101
믃,4102
믄,4103
믅,4104
믆,4105
믇,4106
믈,4107
믉,4108
믊,4109
믋,4110
믌,4111
믍,4112
믎,4113
믏,4114
믐,4115
믑,4116
믒,4117
믓,4118
믔,4119
믕,4120
믖,4121
믗,4122
믘,4123
믙,4124
믚,4125
믛,4126
믜,4127
믝,4128
믞,4129
믟,4130
믠,4131
믡,4132
믢,4133
믣,4134
믤,4135
믥,4136
믦,4137
믧,4138
믨,4139
믩,4140
믪,4141
믫,4142
믬,4143
믭,4144
믮,4145
믯,4146
믰,4147
믱,4148
믲,4149
믳,4150
믴,4151
믵,4152
믶,4153
믷,4154
미,4155
믹,4156
믺,4157
믻,4158
민,4159
믽,4160
믾,4161
믿,4162
밀,4163
밁,4164
밂,4165
밃,4166
밄,4167
밅,4168
밆,4169
밇,4170
밈,4171
밉,4172
밊,4173
밋,4174
밌,4175
밍,4176
밎,4177
및,4178
밐,4179
밑,4180
밒,4181
밓,4182
바,4183
박,4184
밖,4185
밗,4186
반,4187
밙,4188
밚,4189
받,4190
발,4191
밝,4192
밞,4193
밟,4194
밠,4195
밡,4196
밢,4197
밣,4198
밤,4199
밥,4200
밦,4201
밧,4202
밨,4203
방,4204
밪,4205
밫,4206
밬,4207
밭,4208
밮,4209
밯,4210
배,4211
백,4212
밲,4213
밳,4214
밴,4215
밵,4216
밶,4217
밷,4218
밸,4219
밹,4220
밺,4221
밻,4222
밼,4223
밽,4224
밾,4225
밿,4226
뱀,4227
뱁,4228
뱂,4229
뱃,4230
뱄,4231
뱅,4232
뱆,4233
뱇,4234
뱈,4235
뱉,4236
뱊,4237
뱋,4238
뱌,4239
뱍,4240
뱎,4241
뱏,4242
뱐,4243
뱑,4244
뱒,4245
뱓,4246
뱔,4247
뱕,4248
뱖,4249
뱗,4250
뱘,4251
뱙,4252
뱚,4253
뱛,4254
뱜,4255
뱝,4256
뱞,4257
뱟,4258
뱠,4259
뱡,4260
뱢,4261
뱣,4262
뱤,4263
뱥,4264
뱦,4265
뱧,4266
뱨,4267
뱩,4268
뱪,4269
뱫,4270
뱬,4271
뱭,4272
뱮,4273
뱯,4274
뱰,4275
뱱,4276
뱲,4277
뱳,4278
뱴,4279
뱵,4280
뱶,4281
뱷,4282
뱸,4283
뱹,4284
뱺,4285
뱻,4286
뱼,4287
뱽,4288
뱾,4289
뱿,4290
벀,4291
벁,4292
벂,4293
벃,4294
버,4295
벅,4296
벆,4297
벇,4298
번,4299
벉,4300
벊,4301
벋,4302
벌,4303
벍,4304
벎,4305
벏,4306
벐,4307
벑,4308
벒,4309
벓,4310
범,4311
법,4312
벖,4313
벗,4314
벘,4315
벙,4316
벚,4317
벛,4318
벜,4319
벝,4320
벞,4321
벟,4322
베,4323
벡,4324
벢,4325
벣,4326
벤,4327
벥,4328
벦,4329
벧,4330
벨,4331
벩,4332
벪,4333
벫,4334
벬,4335
벭,4336
벮,4337
벯,4338
벰,4339
벱,4340
벲,4341
벳,4342
벴,4343
벵,4344
벶,4345
벷,4346
벸,4347
벹,4348
벺,4349
벻,4350
벼,4351
벽,4352
벾,4353
벿,4354
변,4355
볁,4356
볂,4357
볃,4358
별,4359
볅,4360
볆,4361
볇,4362
볈,4363
볉,4364
볊,4365
볋,4366
볌,4367
볍,4368
볎,4369
볏,4370
볐,4371
병,4372
볒,4373
볓,4374
볔,4375
볕,4376
볖,4377
볗,4378
볘,4379
볙,4380
볚,4381
볛,4382
볜,4383
볝,4384
볞,4385
볟,4386
볠,4387
볡,4388
볢,4389
볣,4390
볤,4391
볥,4392
볦,4393
볧,4394
볨,4395
볩,4396
볪,4397
볫,4398
볬,4399
볭,4400
볮,4401
볯,4402
볰,4403
볱,4404
볲,4405
볳,4406
보,4407
복,4408
볶,4409
볷,4410
본,4411
볹,4412
볺,4413
볻,4414
볼,4415
볽,4416
볾,4417
볿,4418
봀,4419
봁,4420
봂,4421
봃,4422
봄,4423
봅,4424
봆,4425
봇,4426
봈,4427
봉,4428
봊,4429
봋,4430
봌,4431
봍,4432
봎,4433
봏,4434
봐,4435
봑,4436
봒,4437
봓,4438
봔,4439
봕,4440
봖,4441
봗,4442
봘,4443
봙,4444
봚,4445
봛,4446
봜,4447
봝,4448
봞,4449
봟,4450
봠,4451
봡,4452
봢,4453
봣,4454
봤,4455
봥,4456
봦,4457
봧,4458
봨,4459
봩,4460
봪,4461
봫,4462
봬,4463
봭,4464
봮,4465
봯,4466
봰,4467
봱,4468
봲,4469
봳,4470
봴,4471
봵,4472
봶,4473
봷,4474
봸,4475
봹,4476
봺,4477
봻,4478
봼,4479
봽,4480
봾,4481
봿,4482
뵀,4483
뵁,4484
뵂,4485
뵃,4486
뵄,4487
뵅,4488
뵆,4489
뵇,4490
뵈,4491
뵉,4492
뵊,4493
뵋,4494
뵌,4495
뵍,4496
뵎,4497
뵏,4498
뵐,4499
뵑,4500
뵒,4501
뵓,4502
뵔,4503
뵕,4504
뵖,4505
뵗,4506
뵘,4507
뵙,4508
뵚,4509
뵛,4510
뵜,4511
뵝,4512
뵞,4513
뵟,4514
뵠,4515
뵡,4516
뵢,4517
뵣,4518
뵤,4519
뵥,4520
뵦,4521
뵧,4522
뵨,4523
뵩,4524
뵪,4525
뵫,4526
뵬,4527
뵭,4528
뵮,4529
뵯,4530
뵰,4531
뵱,4532
뵲,4533
뵳,4534
뵴,4535
뵵,4536
뵶,4537
뵷,4538
뵸,4539
뵹,4540
뵺,4541
뵻,4542
뵼,4543
뵽,4544
뵾,4545
뵿,4546
부,4547
북,4548
붂,4549
붃,4550
분,4551
붅,4552
붆,4553
붇,4554
불,4555
붉,4556
붊,4557
붋,4558
붌,4559
붍,4560
붎,4561
붏,4562
붐,4563
붑,4564
붒,4565
붓,4566
붔,4567
붕,4568
붖,4569
붗,4570
붘,4571
붙,4572
붚,4573
붛,4574
붜,4575
붝,4576
붞,4577
붟,4578
붠,4579
붡,4580
붢,4581
붣,4582
붤,4583
붥,4584
붦,4585
붧,4586
붨,4587
붩,4588
붪,4589
붫,4590
붬,4591
붭,4592
붮,4593
붯,4594
붰,4595
붱,4596
붲,4597
붳,4598
붴,4599
붵,4600
붶,4601
붷,4602
붸,4603
붹,4604
붺,4605
붻,4606
붼,4607
붽,4608
붾,4609
붿,4610
뷀,4611
뷁,4612
뷂,4613
뷃,4614
뷄,4615
뷅,4616
뷆,4617
뷇,4618
뷈,4619
뷉,4620
뷊,4621
뷋,4622
뷌,4623
뷍,4624
뷎,4625
뷏,4626
뷐,4627
뷑,4628
뷒,4629
뷓,4630
뷔,4631
뷕,4632
뷖,4633
뷗,4634
뷘,4635
뷙,4636
뷚,4637
뷛,4638
뷜,4639
뷝,4640
뷞,4641
뷟,4642
뷠,4643
뷡,4644
뷢,4645
뷣,4646
뷤,4647
뷥,4648
뷦,4649
뷧,4650
뷨,4651
뷩,4652
뷪,4653
뷫,4654
뷬,4655
뷭,4656
뷮,4657
뷯,4658
뷰,4659
뷱,4660
뷲,4661
뷳,4662
뷴,4663
뷵,4664
뷶,4665
뷷,4666
뷸,4667
뷹,4668
뷺,4669
뷻,4670
뷼,4671
뷽,4672
뷾,4673
뷿,4674
븀,4675
븁,4676
븂,4677
븃,4678
븄,4679
븅,4680
븆,4681
븇,4682
븈,4683
븉,4684
븊,4685
븋,4686
브,4687
븍,4688
븎,4689
븏,4690
븐,4691
븑,4692
븒,4693
븓,4694
블,4695
븕,4696
븖,4697
븗,4698
븘,4699
븙,4700
븚,4701
븛,4702
븜,4703
븝,4704
븞,4705
븟,4706
븠,4707
븡,4708
븢,4709
븣,4710
븤,4711
븥,4712
븦,4713
븧,4714
븨,4715
븩,4716
븪,4717
븫,4718
븬,4719
븭,4720
븮,4721
븯,4722
븰,4723
븱,4724
븲,4725
븳,4726
븴,4727
븵,4728
븶,4729
븷,4730
븸,4731
븹,4732
븺,4733
븻,4734
븼,4735
븽,4736
븾,4737
븿,4738
빀,4739
빁,4740
빂,4741
빃,4742
비,4743
빅,4744
빆,4745
빇,4746
빈,4747
빉,4748
빊,4749
빋,4750
빌,4751
빍,4752
빎,4753
빏,4754
빐,4755
빑,4756
빒,4757
빓,4758
빔,4759
빕,4760
빖,4761
빗,4762
빘,4763
빙,4764
빚,4765
빛,4766
빜,4767
빝,4768
빞,4769
빟,4770
빠,4771
빡,4772
빢,4773
빣,4774
빤,4775
빥,4776
빦,4777
빧,4778
빨,4779
빩,4780
빪,4781
빫,4782
빬,4783
빭,4784
빮,4785
빯,4786
빰,4787
빱,4788
빲,4789
빳,4790
빴,4791
빵,4792
빶,4793
빷,4794
빸,4795
빹,4796
빺,4797
빻,4798
빼,4799
빽,4800
빾,4801
빿,4802
뺀,4803
뺁,4804
뺂,4805
뺃,4806
뺄,4807
뺅,4808
뺆,4809
뺇,4810
뺈,4811
뺉,4812
뺊,4813
뺋,4814
뺌,4815
뺍,4816
뺎,4817
뺏,4818
뺐,4819
뺑,4820
뺒,4821
뺓,4822
뺔,4823
뺕,4824
뺖,4825
뺗,4826
뺘,4827
뺙,4828
뺚,4829
뺛,4830
뺜,4831
뺝,4832
뺞,4833
뺟,4834
뺠,4835
뺡,4836
뺢,4837
뺣,4838
뺤,4839
뺥,4840
뺦,4841
뺧,4842
뺨,4843
뺩,4844
뺪,4845
뺫,4846
뺬,4847
뺭,4848
뺮,4849
뺯,4850
뺰,4851
뺱,4852
뺲,4853
뺳,4854
뺴,4855
뺵,4856
뺶,4857
뺷,4858
뺸,4859
뺹,4860
뺺,4861
뺻,4862
뺼,4863
뺽,4864
뺾,4865
뺿,4866
뻀,4867
뻁,4868
뻂,4869
뻃,4870
뻄,4871
뻅,4872
뻆,4873
뻇,4874
뻈,4875
뻉,4876
뻊,4877
뻋,4878
뻌,4879
뻍,4880
뻎,4881
뻏,4882
뻐,4883
뻑,4884
뻒,4885
뻓,4886
뻔,4887
뻕,4888
뻖,4889
뻗,4890
뻘,4891
뻙,4892
뻚,4893
뻛,4894
뻜,4895
뻝,4896
뻞,4897
뻟,4898
뻠,4899
뻡,4900
뻢,4901
뻣,4902
뻤,4903
뻥,4904
뻦,4905
뻧,4906
뻨,4907
뻩,4908
뻪,4909
뻫,4910
뻬,4911
뻭,4912
뻮,4913
뻯,4914
뻰,4915
뻱,4916
뻲,4917
뻳,4918
뻴,4919
뻵,4920
뻶,4921
뻷,4922
뻸,4923
뻹,4924
뻺,4925
뻻,4926
뻼,4927
뻽,4928
뻾,4929
뻿,4930
뼀,4931
뼁,4932
뼂,4933
뼃,4934
뼄,4935
뼅,4936
뼆,4937
뼇,4938
뼈,4939
뼉,4940
뼊,4941
뼋,4942
뼌,4943
뼍,4944
뼎,4945
뼏,4946
뼐,4947
뼑,4948
뼒,4949
뼓,4950
뼔,4951
뼕,4952
뼖,4953
뼗,4954
뼘,4955
뼙,4956
뼚,4957
뼛,4958
뼜,4959
뼝,4960
뼞,4961
뼟,4962
뼠,4963
뼡,4964
뼢,4965
뼣,4966
뼤,4967
뼥,4968
뼦,4969
뼧,4970
뼨,4971
뼩,4972
뼪,4973
뼫,4974
뼬,4975
뼭,4976
뼮,4977
뼯,4978
뼰,4979
뼱,4980
뼲,4981
뼳,4982
뼴,4983
뼵,4984
뼶,4985
뼷,4986
뼸,4987
뼹,4988
뼺,4989
뼻,4990
뼼,4991
뼽,4992
뼾,4993
뼿,4994
뽀,4995
뽁,4996
뽂,4997
뽃,4998
뽄,4999
뽅,5000
뽆,5001
뽇,5002
뽈,5003
뽉,5004
뽊,5005
뽋,5006
뽌,5007
뽍,5008
뽎,5009
뽏,5010
뽐,5011
뽑,5012
뽒,5013
뽓,5014
뽔,5015
뽕,5016
뽖,5017
뽗,5018
뽘,5019
뽙,5020
뽚,5021
뽛,5022
뽜,5023
뽝,5024
뽞,5025
뽟,5026
뽠,5027
뽡,5028
뽢,5029
뽣,5030
뽤,5031
뽥,5032
뽦,5033
뽧,5034
뽨,5035
뽩,5036
뽪,5037
뽫,5038
뽬,5039
뽭,5040
뽮,5041
뽯,5042
뽰,5043
뽱,5044
뽲,5045
뽳,5046
뽴,5047
뽵,5048
뽶,5049
뽷,5050
뽸,5051
뽹,5052
뽺,5053
뽻,5054
뽼,5055
뽽,5056
뽾,5057
뽿,5058
뾀,5059
뾁,5060
뾂,5061
뾃,5062
뾄,5063
뾅,5064
뾆,5065
뾇,5066
뾈,5067
뾉,5068
뾊,5069
뾋,5070
뾌,5071
뾍,5072
뾎,5073
뾏,5074
뾐,5075
뾑,5076
뾒,5077
뾓,5078
뾔,5079
뾕,5080
뾖,5081
뾗,5082
뾘,5083
뾙,5084
뾚,5085
뾛,5086
뾜,5087
뾝,5088
뾞,5089
뾟,5090
뾠,5091
뾡,5092
뾢,5093
뾣,5094
뾤,5095
뾥,5096
뾦,5097
뾧,5098
뾨,5099
뾩,5100
뾪,5101
뾫,5102
뾬,5103
뾭,5104
뾮,5105
뾯,5106
뾰,5107
뾱,5108
뾲,5109
뾳,5110
뾴,5111
뾵,5112
뾶,5113
뾷,5114
뾸,5115
뾹,5116
뾺,5117
뾻,5118
뾼,5119
뾽,5120
뾾,5121
뾿,5122
뿀,5123
뿁,5124
뿂,5125
뿃,5126
뿄,5127
뿅,5128
뿆,5129
뿇,5130
뿈,5131
뿉,5132
뿊,5133
뿋,5134
뿌,5135
뿍,5136
뿎,5137
뿏,5138
뿐,5139
뿑,5140
뿒,5141
뿓,5142
뿔,5143
뿕,5144
뿖,5145
뿗,5146
뿘,5147
뿙,5148
뿚,5149
뿛,5150
뿜,5151
뿝,5152
뿞,5153
뿟,5154
뿠,5155
뿡,5156
뿢,5157
뿣,5158
뿤,5159
뿥,5160
뿦,5161
뿧,5162
뿨,5163
뿩,5164
뿪,5165
뿫,5166
뿬,5167
뿭,5168
뿮,5169
뿯,5170
뿰,5171
뿱,5172
뿲,5173
뿳,5174
뿴,5175
뿵,5176
뿶,5177
뿷,5178
뿸,5179
뿹,5180
뿺,5181
뿻,5182
뿼,5183
뿽,5184
뿾,5185
뿿,5186
쀀,5187
쀁,5188
쀂,5189
쀃,5190
쀄,5191
쀅,5192
쀆,5193
쀇,5194
쀈,5195
쀉,5196
쀊,5197
쀋,5198
쀌,5199
쀍,5200
쀎,5201
쀏,5202
쀐,5203
쀑,5204
쀒,5205
쀓,5206
쀔,5207
쀕,5208
쀖,5209
쀗,5210
쀘,5211
쀙,5212
쀚,5213
쀛,5214
쀜,5215
쀝,5216
쀞,5217
쀟,5218
쀠,5219
쀡,5220
쀢,5221
쀣,5222
쀤,5223
쀥,5224
쀦,5225
쀧,5226
쀨,5227
쀩,5228
쀪,5229
쀫,5230
쀬,5231
쀭,5232
쀮,5233
쀯,5234
쀰,5235
쀱,5236
쀲,5237
쀳,5238
쀴,5239
쀵,5240
쀶,5241
쀷,5242
쀸,5243
쀹,5244
쀺,5245
쀻,5246
쀼,5247
쀽,5248
쀾,5249
쀿,5250
쁀,5251
쁁,5252
쁂,5253
쁃,5254
쁄,5255
쁅,5256
쁆,5257
쁇,5258
쁈,5259
쁉,5260
쁊,5261
쁋,5262
쁌,5263
쁍,5264
쁎,5265
쁏,5266
쁐,5267
쁑,5268
쁒,5269
쁓,5270
쁔,5271
쁕,5272
쁖,5273
쁗,5274
쁘,5275
쁙,5276
쁚,5277
쁛,5278
쁜,5279
쁝,5280
쁞,5281
쁟,5282
쁠,5283
쁡,5284
쁢,5285
쁣,5286
쁤,5287
쁥,5288
쁦,5289
쁧,5290
쁨,5291
쁩,5292
쁪,5293
쁫,5294
쁬,5295
쁭,5296
쁮,5297
쁯,5298
쁰,5299
쁱,5300
쁲,5301
쁳,5302
쁴,5303
쁵,5304
쁶,5305
쁷,5306
쁸,5307
쁹,5308
쁺,5309
쁻,5310
쁼,5311
쁽,5312
쁾,5313
쁿,5314
삀,5315
삁,5316
삂,5317
삃,5318
삄,5319
삅,5320
삆,5321
삇,5322
삈,5323
삉,5324
삊,5325
삋,5326
삌,5327
삍,5328
삎,5329
삏,5330
삐,5331
삑,5332
삒,5333
삓,5334
삔,5335
삕,5336
삖,5337
삗,5338
삘,5339
삙,5340
삚,5341
삛,5342
삜,5343
삝,5344
삞,5345
삟,5346
삠,5347
삡,5348
삢,5349
삣,5350
삤,5351
삥,5352
삦,5353
삧,5354
삨,5355
삩,5356
삪,5357
삫,5358
사,5359
삭,5360
삮,5361
삯,5362
산,5363
삱,5364
삲,5365
삳,5366
살,5367
삵,5368
삶,5369
삷,5370
삸,5371
삹,5372
삺,5373
삻,5374
삼,5375
삽,5376
삾,5377
삿,5378
샀,5379
상,5380
샂,5381
샃,5382
샄,5383
샅,5384
샆,5385
샇,5386
새,5387
색,5388
샊,5389
샋,5390
샌,5391
샍,5392
샎,5393
샏,5394
샐,5395
샑,5396
샒,5397
샓,5398
샔,5399
샕,5400
샖,5401
샗,5402
샘,5403
샙,5404
샚,5405
샛,5406
샜,5407
생,5408
샞,5409
샟,5410
샠,5411
샡,5412
샢,5413
샣,5414
샤,5415
샥,5416
샦,5417
샧,5418
샨,5419
샩,5420
샪,5421
샫,5422
샬,5423
샭,5424
샮,5425
샯,5426
샰,5427
샱,5428
샲,5429
샳,5430
샴,5431
샵,5432
샶,5433
샷,5434
샸,5435
샹,5436
샺,5437
샻,5438
샼,5439
샽,5440
샾,5441
샿,5442
섀,5443
섁,5444
섂,5445
섃,5446
섄,5447
섅,5448
섆,5449
섇,5450
섈,5451
섉,5452
섊,5453
섋,5454
섌,5455
섍,5456
섎,5457
섏,5458
섐,5459
섑,5460
섒,5461
섓,5462
섔,5463
섕,5464
섖,5465
섗,5466
섘,5467
섙,5468
섚,5469
섛,5470
서,5471
석,5472
섞,5473
섟,5474
선,5475
섡,5476
섢,5477
섣,5478
설,5479
섥,5480
섦,5481
섧,5482
섨,5483
섩,5484
섪,5485
섫,5486
섬,5487
섭,5488
섮,5489
섯,5490
섰,5491
성,5492
섲,5493
섳,5494
섴,5495
섵,5496
섶,5497
섷,5498
세,5499
섹,5500
섺,5501
섻,5502
센,5503
섽,5504
섾,5505
섿,5506
셀,5507
셁,5508
셂,5509
셃,5510
셄,5511
셅,5512
셆,5513
셇,5514
셈,5515
셉,5516
셊,5517
셋,5518
셌,5519
셍,5520
셎,5521
셏,5522
셐,5523
셑,5524
셒,5525
셓,5526
셔,5527
셕,5528
셖,5529
셗,5530
션,5531
셙,5532
셚,5533
셛,5534
셜,5535
셝,5536
셞,5537
셟,5538
셠,5539
셡,5540
셢,5541
셣,5542
셤,5543
셥,5544
셦,5545
셧,5546
셨,5547
셩,5548
셪,5549
셫,5550
셬,5551
셭,5552
셮,5553
셯,5554
셰,5555
셱,5556
셲,5557
셳,5558
셴,5559
셵,5560
셶,5561
셷,5562
셸,5563
셹,5564
셺,5565
셻,5566
셼,5567
셽,5568
셾,5569
셿,5570
솀,5571
솁,5572
솂,5573
솃,5574
솄,5575
솅,5576
솆,5577
솇,5578
솈,5579
솉,5580
솊,5581
솋,5582
소,5583
속,5584
솎,5585
솏,5586
손,5587
솑,5588
솒,5589
솓,5590
솔,5591
솕,5592
솖,5593
솗,5594
솘,5595
솙,5596
솚,5597
솛,5598
솜,5599
솝,5600
솞,5601
솟,5602
솠,5603
송,5604
솢,5605
솣,5606
솤,5607
솥,5608
솦,5609
솧,5610
솨,5611
솩,5612
솪,5613
솫,5614
솬,5615
솭,5616
솮,5617
솯,5618
솰,5619
솱,5620
솲,5621
솳,5622
솴,5623
솵,5624
솶,5625
솷,5626
솸,5627
솹,5628
솺,5629
솻,5630
솼,5631
솽,5632
솾,5633
솿,5634
쇀,5635
쇁,5636
쇂,5637
쇃,5638
쇄,5639
쇅,5640
쇆,5641
쇇,5642
쇈,5643
쇉,5644
쇊,5645
쇋,5646
쇌,5647
쇍,5648
쇎,5649
쇏,5650
쇐,5651
쇑,5652
쇒,5653
쇓,5654
쇔,5655
쇕,5656
쇖,5657
쇗,5658
쇘,5659
쇙,5660
쇚,5661
쇛,5662
쇜,5663
쇝,5664
쇞,5665
쇟,5666
쇠,5667
쇡,5668
쇢,5669
쇣,5670
쇤,5671
쇥,5672
쇦,5673
쇧,5674
쇨,5675
쇩,5676
쇪,5677
쇫,5678
쇬,5679
쇭,5680
쇮,5681
쇯,5682
쇰,5683
쇱,5684
쇲,5685
쇳,5686
쇴,5687
쇵,5688
쇶,5689
쇷,5690
쇸,5691
쇹,5692
쇺,5693
쇻,5694
쇼,5695
쇽,5696
쇾,5697
쇿,5698
숀,5699
숁,5700
숂,5701
숃,5702
숄,5703
숅,5704
숆,5705
숇,5706
숈,5707
숉,5708
숊,5709
숋,5710
숌,5711
숍,5712
숎,5713
숏,5714
숐,5715
숑,5716
숒,5717
숓,5718
숔,5719
숕,5720
숖,5721
숗,5722
수,5723
숙,5724
숚,5725
숛,5726
순,5727
숝,5728
숞,5729
숟,5730
술,5731
숡,5732
숢,5733
숣,5734
숤,5735
숥,5736
숦,5737
숧,5738
숨,5739
숩,5740
숪,5741
숫,5742
숬,5743
숭,5744
숮,5745
숯,5746
숰,5747
숱,5748
숲,5749
숳,5750
숴,5751
숵,5752
숶,5753
숷,5754
숸,5755
숹,5756
숺,5757
숻,5758
숼,5759
숽,5760
숾,5761
숿,5762
쉀,5763
쉁,5764
쉂,5765
쉃,5766
쉄,5767
쉅,5768
쉆,5769
쉇,5770
쉈,5771
쉉,5772
쉊,5773
쉋,5774
쉌,5775
쉍,5776
쉎,5777
쉏,5778
쉐,5779
쉑,5780
쉒,5781
쉓,5782
쉔,5783
쉕,5784
쉖,5785
쉗,5786
쉘,5787
쉙,5788
쉚,5789
쉛,5790
쉜,5791
쉝,5792
쉞,5793
쉟,5794
쉠,5795
쉡,5796
쉢,5797
쉣,5798
쉤,5799
쉥,5800
쉦,5801
쉧,5802
쉨,5803
쉩,5804
쉪,5805
쉫,5806
쉬,5807
쉭,5808
쉮,5809
쉯,5810
쉰,5811
쉱,5812
쉲,5813
쉳,5814
쉴,5815
쉵,5816
쉶,5817
쉷,5818
쉸,5819
쉹,5820
쉺,5821
쉻,5822
쉼,5823
쉽,5824
쉾,5825
쉿,5826
슀,5827
슁,5828
슂,5829
슃,5830
슄,5831
슅,5832
슆,5833
슇,5834
슈,5835
슉,5836
슊,5837
슋,5838
슌,5839
슍,5840
슎,5841
슏,5842
슐,5843
슑,5844
슒,5845
슓,5846
슔,5847
슕,5848
슖,5849
슗,5850
슘,5851
슙,5852
슚,5853
슛,5854
슜,5855
슝,5856
슞,5857
슟,5858
슠,5859
슡,5860
슢,5861
슣,5862
스,5863
슥,5864
슦,5865
슧,5866
슨,5867
슩,5868
슪,5869
슫,5870
슬,5871
슭,5872
슮,5873
슯,5874
슰,5875
슱,5876
슲,5877
슳,5878
슴,5879
습,5880
슶,5881
슷,5882
슸,5883
승,5884
슺,5885
슻,5886
슼,5887
슽,5888
슾,5889
슿,5890
싀,5891
싁,5892
싂,5893
싃,5894
싄,5895
싅,5896
싆,5897
싇,5898
싈,5899
싉,5900
싊,5901
싋,5902
싌,5903
싍,5904
싎,5905
싏,5906
싐,5907
싑,5908
싒,5909
싓,5910
싔,5911
싕,5912
싖,5913
싗,5914
싘,5915
싙,5916
싚,5917
싛,5918
시,5919
식,5920
싞,5921
싟,5922
신,5923
싡,5924
싢,5925
싣,5926
실,5927
싥,5928
싦,5929
싧,5930
싨,5931
싩,5932
싪,5933
싫,5934
심,5935
십,5936
싮,5937
싯,5938
싰,5939
싱,5940
싲,5941
싳,5942
싴,5943
싵,5944
싶,5945
싷,5946
싸,5947
싹,5948
싺,5949
싻,5950
싼,5951
싽,5952
싾,5953
싿,5954
쌀,5955
쌁,5956
쌂,5957
쌃,5958
쌄,5959
쌅,5960
쌆,5961
쌇,5962
쌈,5963
쌉,5964
쌊,5965
쌋,5966
쌌,5967
쌍,5968
쌎,5969
쌏,5970
쌐,5971
쌑,5972
쌒,5973
쌓,5974
쌔,5975
쌕,5976
쌖,5977
쌗,5978
쌘,5979
쌙,5980
쌚,5981
쌛,5982
쌜,5983
쌝,5984
쌞,5985
쌟,5986
쌠,5987
쌡,5988
쌢,5989
쌣,5990
쌤,5991
쌥,5992
쌦,5993
쌧,5994
쌨,5995
쌩,5996
쌪,5997
쌫,5998
쌬,5999
쌭,6000
쌮,6001
쌯,6002
쌰,6003
쌱,6004
쌲,6005
쌳,6006
쌴,6007
쌵,6008
쌶,6009
쌷,6010
쌸,6011
쌹,6012
쌺,6013
쌻,6014
쌼,6015
쌽,6016
쌾,6017
쌿,6018
썀,6019
썁,6020
썂,6021
썃,6022
썄,6023
썅,6024
썆,6025
썇,6026
썈,6027
썉,6028
썊,6029
썋,6030
썌,6031
썍,6032
썎,6033
썏,6034
썐,6035
썑,6036
썒,6037
썓,6038
썔,6039
썕,6040
썖,6041
썗,6042
썘,6043
썙,6044
썚,6045
썛,6046
썜,6047
썝,6048
썞,6049
썟,6050
썠,6051
썡,6052
썢,6053
썣,6054
썤,6055
썥,6056
썦,6057
썧,6058
써,6059
썩,6060
썪,6061
썫,6062
썬,6063
썭,6064
썮,6065
썯,6066
썰,6067
썱,6068
썲,6069
썳,6070
썴,6071
썵,6072
썶,6073
썷,6074
썸,6075
썹,6076
썺,6077
썻,6078
썼,6079
썽,6080
썾,6081
썿,6082
쎀,6083
쎁,6084
쎂,6085
쎃,6086
쎄,6087
쎅,6088
쎆,6089
쎇,6090
쎈,6091
쎉,6092
쎊,6093
쎋,6094
쎌,6095
쎍,6096
쎎,6097
쎏,6098
쎐,6099
쎑,6100
쎒,6101
쎓,6102
쎔,6103
쎕,6104
쎖,6105
쎗,6106
쎘,6107
쎙,6108
쎚,6109
쎛,6110
쎜,6111
쎝,6112
쎞,6113
쎟,6114
쎠,6115
쎡,6116
쎢,6117
쎣,6118
쎤,6119
쎥,6120
쎦,6121
쎧,6122
쎨,6123
쎩,6124
쎪,6125
쎫,6126
쎬,6127
쎭,6128
쎮,6129
쎯,6130
쎰,6131
쎱,6132
쎲,6133
쎳,6134
쎴,6135
쎵,6136
쎶,6137
쎷,6138
쎸,6139
쎹,6140
쎺,6141
쎻,6142
쎼,6143
쎽,6144
쎾,6145
쎿,6146
쏀,6147
쏁,6148
쏂,6149
쏃,6150
쏄,6151
쏅,6152
쏆,6153
쏇,6154
쏈,6155
쏉,6156
쏊,6157
쏋,6158
쏌,6159
쏍,6160
쏎,6161
쏏,6162
쏐,6163
쏑,6164
쏒,6165
쏓,6166
쏔,6167
쏕,6168
쏖,6169
쏗,6170
쏘,6171
쏙,6172
쏚,6173
쏛,6174
쏜,6175
쏝,6176
쏞,6177
쏟,6178
쏠,6179
쏡,6180
쏢,6181
쏣,6182
쏤,6183
쏥,6184
쏦,6185
쏧,6186
쏨,6187
쏩,6188
쏪,6189
쏫,6190
쏬,6191
쏭,6192
쏮,6193
쏯,6194
쏰,6195
쏱,6196
쏲,6197
쏳,6198
쏴,6199
쏵,6200
쏶,6201
쏷,6202
쏸,6203
쏹,6204
쏺,6205
쏻,6206
쏼,6207
쏽,6208
쏾,6209
쏿,6210
쐀,6211
쐁,6212
쐂,6213
쐃,6214
쐄,6215
쐅,6216
쐆,6217
쐇,6218
쐈,6219
쐉,6220
쐊,6221
쐋,6222
쐌,6223
쐍,6224
쐎,6225
쐏,6226
쐐,6227
쐑,6228
쐒,6229
쐓,6230
쐔,6231
쐕,6232
쐖,6233
쐗,6234
쐘,6235
쐙,6236
쐚,6237
쐛,6238
쐜,6239
쐝,6240
쐞,6241
쐟,6242
쐠,6243
쐡,6244
쐢,6245
쐣,6246
쐤,6247
쐥,6248
쐦,6249
쐧,6250
쐨,6251
쐩,6252
쐪,6253
쐫,6254
쐬,6255
쐭,6256
쐮,6257
쐯,6258
쐰,6259
쐱,6260
쐲,6261
쐳,6262
쐴,6263
쐵,6264
쐶,6265
쐷,6266
쐸,6267
쐹,6268
쐺,6269
쐻,6270
쐼,6271
쐽,6272
쐾,6273
쐿,6274
쑀,6275
쑁,6276
쑂,6277
쑃,6278
쑄,6279
쑅,6280
쑆,6281
쑇,6282
쑈,6283
쑉,6284
쑊,6285
쑋,6286
쑌,6287
쑍,6288
쑎,6289
쑏,6290
쑐,6291
쑑,6292
쑒,6293
쑓,6294
쑔,6295
쑕,6296
쑖,6297
쑗,6298
쑘,6299
쑙,6300
쑚,6301
쑛,6302
쑜,6303
쑝,6304
쑞,6305
쑟,6306
쑠,6307
쑡,6308
쑢,6309
쑣,6310
쑤,6311
쑥,6312
쑦,6313
쑧,6314
쑨,6315
쑩,6316
쑪,6317
쑫,6318
쑬,6319
쑭,6320
쑮,6321
쑯,6322
쑰,6323
쑱,6324
쑲,6325
쑳,6326
쑴,6327
쑵,6328
쑶,6329
쑷,6330
쑸,6331
쑹,6332
쑺,6333
쑻,6334
쑼,6335
쑽,6336
쑾,6337
쑿,6338
쒀,6339
쒁,6340
쒂,6341
쒃,6342
쒄,6343
쒅,6344
쒆,6345
쒇,6346
쒈,6347
쒉,6348
쒊,6349
쒋,6350
쒌,6351
쒍,6352
쒎,6353
쒏,6354
쒐,6355
쒑,6356
쒒,6357
쒓,6358
쒔,6359
쒕,6360
쒖,6361
쒗,6362
쒘,6363
쒙,6364
쒚,6365
쒛,6366
쒜,6367
쒝,6368
쒞,6369
쒟,6370
쒠,6371
쒡,6372
쒢,6373
쒣,6374
쒤,6375
쒥,6376
쒦,6377
쒧,6378
쒨,6379
쒩,6380
쒪,6381
쒫,6382
쒬,6383
쒭,6384
쒮,6385
쒯,6386
쒰,6387
쒱,6388
쒲,6389
쒳,6390
쒴,6391
쒵,6392
쒶,6393
쒷,6394
쒸,6395
쒹,6396
쒺,6397
쒻,6398
쒼,6399
쒽,6400
쒾,6401
쒿,6402
쓀,6403
쓁,6404
쓂,6405
쓃,6406
쓄,6407
쓅,6408
쓆,6409
쓇,6410
쓈,6411
쓉,6412
쓊,6413
쓋,6414
쓌,6415
쓍,6416
쓎,6417
쓏,6418
쓐,6419
쓑,6420
쓒,6421
쓓,6422
쓔,6423
쓕,6424
쓖,6425
쓗,6426
쓘,6427
쓙,6428
쓚,6429
쓛,6430
쓜,6431
쓝,6432
쓞,6433
쓟,6434
쓠,6435
쓡,6436
쓢,6437
쓣,6438
쓤,6439
쓥,6440
쓦,6441
쓧,6442
쓨,6443
쓩,6444
쓪,6445
쓫,6446
쓬,6447
쓭,6448
쓮,6449
쓯,6450
쓰,6451
쓱,6452
쓲,6453
쓳,6454
쓴,6455
쓵,6456
쓶,6457
쓷,6458
쓸,6459
쓹,6460
쓺,6461
쓻,6462
쓼,6463
쓽,6464
쓾,6465
쓿,6466
씀,6467
씁,6468
씂,6469
씃,6470
씄,6471
씅,6472
씆,6473
씇,6474
씈,6475
씉,6476
씊,6477
씋,6478
씌,6479
씍,6480
씎,6481
씏,6482
씐,6483
씑,6484
씒,6485
씓,6486
씔,6487
씕,6488
씖,6489
씗,6490
씘,6491
씙,6492
씚,6493
씛,6494
씜,6495
씝,6496
씞,6497
씟,6498
씠,6499
씡,6500
씢,6501
씣,6502
씤,6503
씥,6504
씦,6505
씧,6506
씨,6507
씩,6508
씪,6509
씫,6510
씬,6511
씭,6512
씮,6513
씯,6514
씰,6515
씱,6516
씲,6517
씳,6518
씴,6519
씵,6520
씶,6521
씷,6522
씸,6523
씹,6524
씺,6525
씻,6526
씼,6527
씽,6528
씾,6529
씿,6530
앀,6531
앁,6532
앂,6533
앃,6534
아,6535
악,6536
앆,6537
앇,6538
안,6539
앉,6540
않,6541
앋,6542
알,6543
앍,6544
앎,6545
앏,6546
앐,6547
앑,6548
앒,6549
앓,6550
암,6551
압,6552
앖,6553
앗,6554
았,6555
앙,6556
앚,6557
앛,6558
앜,6559
앝,6560
앞,6561
앟,6562
애,6563
액,6564
앢,6565
앣,6566
앤,6567
앥,6568
앦,6569
앧,6570
앨,6571
앩,6572
앪,6573
앫,6574
앬,6575
앭,6576
앮,6577
앯,6578
앰,6579
앱,6580
앲,6581
앳,6582
앴,6583
앵,6584
앶,6585
앷,6586
앸,6587
앹,6588
앺,6589
앻,6590
야,6591
약,6592
앾,6593
앿,6594
얀,6595
얁,6596
얂,6597
얃,6598
얄,6599
얅,6600
얆,6601
얇,6602
얈,6603
얉,6604
얊,6605
얋,6606
얌,6607
얍,6608
얎,6609
얏,6610
얐,6611
양,6612
얒,6613
얓,6614
얔,6615
얕,6616
얖,6617
얗,6618
얘,6619
얙,6620
얚,6621
얛,6622
얜,6623
얝,6624
얞,6625
얟,6626
얠,6627
얡,6628
얢,6629
얣,6630
얤,6631
얥,6632
얦,6633
얧,6634
얨,6635
얩,6636
얪,6637
얫,6638
얬,6639
얭,6640
얮,6641
얯,6642
얰,6643
얱,6644
얲,6645
얳,6646
어,6647
억,6648
얶,6649
얷,6650
언,6651
얹,6652
얺,6653
얻,6654
얼,6655
얽,6656
얾,6657
얿,6658
엀,6659
엁,6660
엂,6661
엃,6662
엄,6663
업,6664
없,6665
엇,6666
었,6667
엉,6668
엊,6669
엋,6670
엌,6671
엍,6672
엎,6673
엏,6674
에,6675
엑,6676
엒,6677
엓,6678
엔,6679
엕,6680
엖,6681
엗,6682
엘,6683
엙,6684
엚,6685
엛,6686
엜,6687
엝,6688
엞,6689
엟,6690
엠,6691
엡,6692
엢,6693
엣,6694
엤,6695
엥,6696
엦,6697
엧,6698
엨,6699
엩,6700
엪,6701
엫,6702
여,6703
역,6704
엮,6705
엯,6706
연,6707
엱,6708
엲,6709
엳,6710
열,6711
엵,6712
엶,6713
엷,6714
엸,6715
엹,6716
엺,6717
엻,6718
염,6719
엽,6720
엾,6721
엿,6722
였,6723
영,6724
옂,6725
옃,6726
옄,6727
옅,6728
옆,6729
옇,6730
예,6731
옉,6732
옊,6733
옋,6734
옌,6735
옍,6736
옎,6737
옏,6738
옐,6739
옑,6740
옒,6741
옓,6742
옔,6743
옕,6744
옖,6745
옗,6746
옘,6747
옙,6748
옚,6749
옛,6750
옜,6751
옝,6752
옞,6753
옟,6754
옠,6755
옡,6756
옢,6757
옣,6758
오,6759
옥,6760
옦,6761
옧,6762
온,6763
옩,6764
옪,6765
옫,6766
올,6767
옭,6768
옮,6769
옯,6770
옰,6771
옱,6772
옲,6773
옳,6774
옴,6775
옵,6776
옶,6777
옷,6778
옸,6779
옹,6780
옺,6781
옻,6782
옼,6783
옽,6784
옾,6785
옿,6786
와,6787
왁,6788
왂,6789
왃,6790
완,6791
왅,6792
왆,6793
왇,6794
왈,6795
왉,6796
왊,6797
왋,6798
왌,6799
왍,6800
왎,6801
왏,6802
왐,6803
왑,6804
왒,6805
왓,6806
왔,6807
왕,6808
왖,6809
왗,6810
왘,6811
왙,6812
왚,6813
왛,6814
왜,6815
왝,6816
왞,6817
왟,6818
왠,6819
왡,6820
왢,6821
왣,6822
왤,6823
왥,6824
왦,6825
왧,6826
왨,6827
왩,6828
왪,6829
왫,6830
왬,6831
왭,6832
왮,6833
왯,6834
왰,6835
왱,6836
왲,6837
왳,6838
왴,6839
왵,6840
왶,6841
왷,6842
외,6843
왹,6844
왺,6845
왻,6846
왼,6847
왽,6848
왾,6849
왿,6850
욀,6851
욁,6852
욂,6853
욃,6854
욄,6855
욅,6856
욆,6857
욇,6858
욈,6859
욉,6860
욊,6861
욋,6862
욌,6863
욍,6864
욎,6865
욏,6866
욐,6867
욑,6868
욒,6869
욓,6870
요,6871
욕,6872
욖,6873
욗,6874
욘,6875
욙,6876
욚,6877
욛,6878
욜,6879
욝,6880
욞,6881
욟,6882
욠,6883
욡,6884
욢,6885
욣,6886
욤,6887
욥,6888
욦,6889
욧,6890
욨,6891
용,6892
욪,6893
욫,6894
욬,6895
욭,6896
욮,6897
욯,6898
우,6899
욱,6900
욲,6901
욳,6902
운,6903
욵,6904
욶,6905
욷,6906
울,6907
욹,6908
욺,6909
욻,6910
욼,6911
욽,6912
욾,6913
욿,6914
움,6915
웁,6916
웂,6917
웃,6918
웄,6919
웅,6920
웆,6921
웇,6922
웈,6923
웉,6924
웊,6925
웋,6926
워,6927
웍,6928
웎,6929
웏,6930
원,6931
웑,6932
웒,6933
웓,6934
월,6935
웕,6936
웖,6937
웗,6938
웘,6939
웙,6940
웚,6941
웛,6942
웜,6943
웝,6944
웞,6945
웟,6946
웠,6947
웡,6948
웢,6949
웣,6950
웤,6951
웥,6952
웦,6953
웧,6954
웨,6955
웩,6956
웪,6957
웫,6958
웬,6959
웭,6960
웮,6961
웯,6962
웰,6963
웱,6964
웲,6965
웳,6966
웴,6967
웵,6968
웶,6969
웷,6970
웸,6971
웹,6972
웺,6973
웻,6974
웼,6975
웽,6976
웾,6977
웿,6978
윀,6979
윁,6980
윂,6981
윃,6982
위,6983
윅,6984
윆,6985
윇,6986
윈,6987
윉,6988
윊,6989
윋,6990
윌,6991
윍,6992
윎,6993
윏,6994
윐,6995
윑,6996
윒,6997
윓,6998
윔,6999
윕,7000
윖,7001
윗,7002
윘,7003
윙,7004
윚,7005
윛,7006
윜,7007
윝,7008
윞,7009
윟,7010
유,7011
육,7012
윢,7013
윣,7014
윤,7015
윥,7016
윦,7017
윧,7018
율,7019
윩,7020
윪,7021
윫,7022
윬,7023
윭,7024
윮,7025
윯,7026
윰,7027
윱,7028
윲,7029
윳,7030
윴,7031
융,7032
윶,7033
윷,7034
윸,7035
윹,7036
윺,7037
윻,7038
으,7039
윽,7040
윾,7041
윿,7042
은,7043
읁,7044
읂,7045
읃,7046
을,7047
읅,7048
읆,7049
읇,7050
읈,7051
읉,7052
읊,7053
읋,7054
음,7055
읍,7056
읎,7057
읏,7058
읐,7059
응,7060
읒,7061
읓,7062
읔,7063
읕,7064
읖,7065
읗,7066
의,7067
읙,7068
읚,7069
읛,7070
읜,7071
읝,7072
읞,7073
읟,7074
읠,7075
읡,7076
읢,7077
읣,7078
읤,7079
읥,7080
읦,7081
읧,7082
읨,7083
읩,7084
읪,7085
읫,7086
읬,7087
읭,7088
읮,7089
읯,7090
읰,7091
읱,7092
읲,7093
읳,7094
이,7095
익,7096
읶,7097
읷,7098
인,7099
읹,7100
읺,7101
읻,7102
일,7103
읽,7104
읾,7105
읿,7106
잀,7107
잁,7108
잂,7109
잃,7110
임,7111
입,7112
잆,7113
잇,7114
있,7115
잉,7116
잊,7117
잋,7118
잌,7119
잍,7120
잎,7121
잏,7122
자,7123
작,7124
잒,7125
잓,7126
잔,7127
잕,7128
잖,7129
잗,7130
잘,7131
잙,7132
잚,7133
잛,7134
잜,7135
잝,7136
잞,7137
잟,7138
잠,7139
잡,7140
잢,7141
잣,7142
잤,7143
장,7144
잦,7145
잧,7146
잨,7147
잩,7148
잪,7149
잫,7150
재,7151
잭,7152
잮,7153
잯,7154
잰,7155
잱,7156
잲,7157
잳,7158
잴,7159
잵,7160
잶,7161
잷,7162
잸,7163
잹,7164
잺,7165
잻,7166
잼,7167
잽,7168
잾,7169
잿,7170
쟀,7171
쟁,7172
쟂,7173
쟃,7174
쟄,7175
쟅,7176
쟆,7177
쟇,7178
쟈,7179
쟉,7180
쟊,7181
쟋,7182
쟌,7183
쟍,7184
쟎,7185
쟏,7186
쟐,7187
쟑,7188
쟒,7189
쟓,7190
쟔,7191
쟕,7192
쟖,7193
쟗,7194
쟘,7195
쟙,7196
쟚,7197
쟛,7198
쟜,7199
쟝,7200
쟞,7201
쟟,7202
쟠,7203
쟡,7204
쟢,7205
쟣,7206
쟤,7207
쟥,7208
쟦,7209
쟧,7210
쟨,7211
쟩,7212
쟪,7213
쟫,7214
쟬,7215
쟭,7216
쟮,7217
쟯,7218
쟰,7219
쟱,7220
쟲,7221
쟳,7222
쟴,7223
쟵,7224
쟶,7225
쟷,7226
쟸,7227
쟹,7228
쟺,7229
쟻,7230
쟼,7231
쟽,7232
쟾,7233
쟿,7234
저,7235
적,7236
젂,7237
젃,7238
전,7239
젅,7240
젆,7241
젇,7242
절,7243
젉,7244
젊,7245
젋,7246
젌,7247
젍,7248
젎,7249
젏,7250
점,7251
접,7252
젒,7253
젓,7254
젔,7255
정,7256
젖,7257
젗,7258
젘,7259
젙,7260
젚,7261
젛,7262
제,7263
젝,7264
젞,7265
젟,7266
젠,7267
젡,7268
젢,7269
젣,7270
젤,7271
젥,7272
젦,7273
젧,7274
젨,7275
젩,7276
젪,7277
젫,7278
젬,7279
젭,7280
젮,7281
젯,7282
젰,7283
젱,7284
젲,7285
젳,7286
젴,7287
젵,7288
젶,7289
젷,7290
져,7291
젹,7292
젺,7293
젻,7294
젼,7295
젽,7296
젾,7297
젿,7298
졀,7299
졁,7300
졂,7301
졃,7302
졄,7303
졅,7304
졆,7305
졇,7306
졈,7307
졉,7308
졊,7309
졋,7310
졌,7311
졍,7312
졎,7313
졏,7314
졐,7315
졑,7316
졒,7317
졓,7318
졔,7319
졕,7320
졖,7321
졗,7322
졘,7323
졙,7324
졚,7325
졛,7326
졜,7327
졝,7328
졞,7329
졟,7330
졠,7331
졡,7332
졢,7333
졣,7334
졤,7335
졥,7336
졦,7337
졧,7338
졨,7339
졩,7340
졪,7341
졫,7342
졬,7343
졭,7344
졮,7345
졯,7346
조,7347
족,7348
졲,7349
졳,7350
존,7351
졵,7352
졶,7353
졷,7354
졸,7355
졹,7356
졺,7357
졻,7358
졼,7359
졽,7360
졾,7361
졿,7362
좀,7363
좁,7364
좂,7365
좃,7366
좄,7367
종,7368
좆,7369
좇,7370
좈,7371
좉,7372
좊,7373
좋,7374
좌,7375
좍,7376
좎,7377
좏,7378
좐,7379
좑,7380
좒,7381
좓,7382
좔,7383
좕,7384
좖,7385
좗,7386
좘,7387
좙,7388
좚,7389
좛,7390
좜,7391
좝,7392
좞,7393
좟,7394
좠,7395
좡,7396
좢,7397
좣,7398
좤,7399
좥,7400
좦,7401
좧,7402
좨,7403
좩,7404
좪,7405
좫,7406
좬,7407
좭,7408
좮,7409
좯,7410
좰,7411
좱,7412
좲,7413
좳,7414
좴,7415
좵,7416
좶,7417
좷,7418
좸,7419
좹,7420
좺,7421
좻,7422
좼,7423
좽,7424
좾,7425
좿,7426
죀,7427
죁,7428
죂,7429
죃,7430
죄,7431
죅,7432
죆,7433
죇,7434
죈,7435
죉,7436
죊,7437
죋,7438
죌,7439
죍,7440
죎,7441
죏,7442
죐,7443
죑,7444
죒,7445
죓,7446
죔,7447
죕,7448
죖,7449
죗,7450
죘,7451
죙,7452
죚,7453
죛,7454
죜,7455
죝,7456
죞,7457
죟,7458
죠,7459
죡,7460
죢,7461
죣,7462
죤,7463
죥,7464
죦,7465
죧,7466
죨,7467
죩,7468
죪,7469
죫,7470
죬,7471
죭,7472
죮,7473
죯,7474
죰,7475
죱,7476
죲,7477
죳,7478
죴,7479
죵,7480
죶,7481
죷,7482
죸,7483
죹,7484
죺,7485
죻,7486
주,7487
죽,7488
죾,7489
죿,7490
준,7491
줁,7492
줂,7493
줃,7494
줄,7495
줅,7496
줆,7497
줇,7498
줈,7499
줉,7500
줊,7501
줋,7502
줌,7503
줍,7504
줎,7505
줏,7506
줐,7507
중,7508
줒,7509
줓,7510
줔,7511
줕,7512
줖,7513
줗,7514
줘,7515
줙,7516
줚,7517
줛,7518
줜,7519
줝,7520
줞,7521
줟,7522
줠,7523
줡,7524
줢,7525
줣,7526
줤,7527
줥,7528
줦,7529
줧,7530
줨,7531
줩,7532
줪,7533
줫,7534
줬,7535
줭,7536
줮,7537
줯,7538
줰,7539
줱,7540
줲,7541
줳,7542
줴,7543
줵,7544
줶,7545
줷,7546
줸,7547
줹,7548
줺,7549
줻,7550
줼,7551
줽,7552
줾,7553
줿,7554
쥀,7555
쥁,7556
쥂,7557
쥃,7558
쥄,7559
쥅,7560
쥆,7561
쥇,7562
쥈,7563
쥉,7564
쥊,7565
쥋,7566
쥌,7567
쥍,7568
쥎,7569
쥏,7570
쥐,7571
쥑,7572
쥒,7573
쥓,7574
쥔,7575
쥕,7576
쥖,7577
쥗,7578
쥘,7579
쥙,7580
쥚,7581
쥛,7582
쥜,7583
쥝,7584
쥞,7585
쥟,7586
쥠,7587
쥡,7588
쥢,7589
쥣,7590
쥤,7591
쥥,7592
쥦,7593
쥧,7594
쥨,7595
쥩,7596
쥪,7597
쥫,7598
쥬,7599
쥭,7600
쥮,7601
쥯,7602
쥰,7603
쥱,7604
쥲,7605
쥳,7606
쥴,7607
쥵,7608
쥶,7609
쥷,7610
쥸,7611
쥹,7612
쥺,7613
쥻,7614
쥼,7615
쥽,7616
쥾,7617
쥿,7618
즀,7619
즁,7620
즂,7621
즃,7622
즄,7623
즅,7624
즆,7625
즇,7626
즈,7627
즉,7628
즊,7629
즋,7630
즌,7631
즍,7632
즎,7633
즏,7634
즐,7635
즑,7636
즒,7637
즓,7638
즔,7639
즕,7640
즖,7641
즗,7642
즘,7643
즙,7644
즚,7645
즛,7646
즜,7647
증,7648
즞,7649
즟,7650
즠,7651
즡,7652
즢,7653
즣,7654
즤,7655
즥,7656
즦,7657
즧,7658
즨,7659
즩,7660
즪,7661
즫,7662
즬,7663
즭,7664
즮,7665
즯,7666
즰,7667
즱,7668
즲,7669
즳,7670
즴,7671
즵,7672
즶,7673
즷,7674
즸,7675
즹,7676
즺,7677
즻,7678
즼,7679
즽,7680
즾,7681
즿,7682
지,7683
직,7684
짂,7685
짃,7686
진,7687
짅,7688
짆,7689
짇,7690
질,7691
짉,7692
짊,7693
짋,7694
짌,7695
짍,7696
짎,7697
짏,7698
짐,7699
집,7719
짒,7701
짓,7702
짔,7703
징,7704
짖,7705
짗,7706
짘,7707
짙,7708
짚,7709
짛,7710
2,7711
.,7715
1,7713
4,7714
[,7717
편,10245
],7720
짜,7721
짝,7722
짞,7723
짟,7724
짠,7725
짡,7726
짢,7727
짣,7728
짤,7729
짥,7730
짦,7731
짧,7732
짨,7733
짩,7734
짪,7735
짫,7736
짬,7737
짭,7738
짮,7739
짯,7740
짰,7741
짱,7742
짲,7743
짳,7744
짴,7745
짵,7746
짶,7747
짷,7748
째,7749
짹,7750
짺,7751
짻,7752
짼,7753
짽,7754
짾,7755
짿,7756
쨀,7757
쨁,7758
쨂,7759
쨃,7760
쨄,7761
쨅,7762
쨆,7763
쨇,7764
쨈,7765
쨉,7766
쨊,7767
쨋,7768
쨌,7769
쨍,7770
쨎,7771
쨏,7772
쨐,7773
쨑,7774
쨒,7775
쨓,7776
쨔,7777
쨕,7778
쨖,7779
쨗,7780
쨘,7781
쨙,7782
쨚,7783
쨛,7784
쨜,7785
쨝,7786
쨞,7787
쨟,7788
쨠,7789
쨡,7790
쨢,7791
쨣,7792
쨤,7793
쨥,7794
쨦,7795
쨧,7796
쨨,7797
쨩,7798
쨪,7799
쨫,7800
쨬,7801
쨭,7802
쨮,7803
쨯,7804
쨰,7805
쨱,7806
쨲,7807
쨳,7808
쨴,7809
쨵,7810
쨶,7811
쨷,7812
쨸,7813
쨹,7814
쨺,7815
쨻,7816
쨼,7817
쨽,7818
쨾,7819
쨿,7820
쩀,7821
쩁,7822
쩂,7823
쩃,7824
쩄,7825
쩅,7826
쩆,7827
쩇,7828
쩈,7829
쩉,7830
쩊,7831
쩋,7832
쩌,7833
쩍,7834
쩎,7835
쩏,7836
쩐,7837
쩑,7838
쩒,7839
쩓,7840
쩔,7841
쩕,7842
쩖,7843
쩗,7844
쩘,7845
쩙,7846
쩚,7847
쩛,7848
쩜,7849
쩝,7850
쩞,7851
쩟,7852
쩠,7853
쩡,7854
쩢,7855
쩣,7856
쩤,7857
쩥,7858
쩦,7859
쩧,7860
쩨,7861
쩩,7862
쩪,7863
쩫,7864
쩬,7865
쩭,7866
쩮,7867
쩯,7868
쩰,7869
쩱,7870
쩲,7871
쩳,7872
쩴,7873
쩵,7874
쩶,7875
쩷,7876
쩸,7877
쩹,7878
쩺,7879
쩻,7880
쩼,7881
쩽,7882
쩾,7883
쩿,7884
쪀,7885
쪁,7886
쪂,7887
쪃,7888
쪄,7889
쪅,7890
쪆,7891
쪇,7892
쪈,7893
쪉,7894
쪊,7895
쪋,7896
쪌,7897
쪍,7898
쪎,7899
쪏,7900
쪐,7901
쪑,7902
쪒,7903
쪓,7904
쪔,7905
쪕,7906
쪖,7907
쪗,7908
쪘,7909
쪙,7910
쪚,7911
쪛,7912
쪜,7913
쪝,7914
쪞,7915
쪟,7916
쪠,7917
쪡,7918
쪢,7919
쪣,7920
쪤,7921
쪥,7922
쪦,7923
쪧,7924
쪨,7925
쪩,7926
쪪,7927
쪫,7928
쪬,7929
쪭,7930
쪮,7931
쪯,7932
쪰,7933
쪱,7934
쪲,7935
쪳,7936
쪴,7937
쪵,7938
쪶,7939
쪷,7940
쪸,7941
쪹,7942
쪺,7943
쪻,7944
쪼,7945
쪽,7946
쪾,7947
쪿,7948
쫀,7949
쫁,7950
쫂,7951
쫃,7952
쫄,7953
쫅,7954
쫆,7955
쫇,7956
쫈,7957
쫉,7958
쫊,7959
쫋,7960
쫌,7961
쫍,7962
쫎,7963
쫏,7964
쫐,7965
쫑,7966
쫒,7967
쫓,7968
쫔,7969
쫕,7970
쫖,7971
쫗,7972
쫘,7973
쫙,7974
쫚,7975
쫛,7976
쫜,7977
쫝,7978
쫞,7979
쫟,7980
쫠,7981
쫡,7982
쫢,7983
쫣,7984
쫤,7985
쫥,7986
쫦,7987
쫧,7988
쫨,7989
쫩,7990
쫪,7991
쫫,7992
쫬,7993
쫭,7994
쫮,7995
쫯,7996
쫰,7997
쫱,7998
쫲,7999
쫳,8000
쫴,8001
쫵,8002
쫶,8003
쫷,8004
쫸,8005
쫹,8006
쫺,8007
쫻,8008
쫼,8009
쫽,8010
쫾,8011
쫿,8012
쬀,8013
쬁,8014
쬂,8015
쬃,8016
쬄,8017
쬅,8018
쬆,8019
쬇,8020
쬈,8021
쬉,8022
쬊,8023
쬋,8024
쬌,8025
쬍,8026
쬎,8027
쬏,8028
쬐,8029
쬑,8030
쬒,8031
쬓,8032
쬔,8033
쬕,8034
쬖,8035
쬗,8036
쬘,8037
쬙,8038
쬚,8039
쬛,8040
쬜,8041
쬝,8042
쬞,8043
쬟,8044
쬠,8045
쬡,8046
쬢,8047
쬣,8048
쬤,8049
쬥,8050
쬦,8051
쬧,8052
쬨,8053
쬩,8054
쬪,8055
쬫,8056
쬬,8057
쬭,8058
쬮,8059
쬯,8060
쬰,8061
쬱,8062
쬲,8063
쬳,8064
쬴,8065
쬵,8066
쬶,8067
쬷,8068
쬸,8069
쬹,8070
쬺,8071
쬻,8072
쬼,8073
쬽,8074
쬾,8075
쬿,8076
쭀,8077
쭁,8078
쭂,8079
쭃,8080
쭄,8081
쭅,8082
쭆,8083
쭇,8084
쭈,8085
쭉,8086
쭊,8087
쭋,8088
쭌,8089
쭍,8090
쭎,8091
쭏,8092
쭐,8093
쭑,8094
쭒,8095
쭓,8096
쭔,8097
쭕,8098
쭖,8099
쭗,8100
쭘,8101
쭙,8102
쭚,8103
쭛,8104
쭜,8105
쭝,8106
쭞,8107
쭟,8108
쭠,8109
쭡,8110
쭢,8111
쭣,8112
쭤,8113
쭥,8114
쭦,8115
쭧,8116
쭨,8117
쭩,8118
쭪,8119
쭫,8120
쭬,8121
쭭,8122
쭮,8123
쭯,8124
쭰,8125
쭱,8126
쭲,8127
쭳,8128
쭴,8129
쭵,8130
쭶,8131
쭷,8132
쭸,8133
쭹,8134
쭺,8135
쭻,8136
쭼,8137
쭽,8138
쭾,8139
쭿,8140
쮀,8141
쮁,8142
쮂,8143
쮃,8144
쮄,8145
쮅,8146
쮆,8147
쮇,8148
쮈,8149
쮉,8150
쮊,8151
쮋,8152
쮌,8153
쮍,8154
쮎,8155
쮏,8156
쮐,8157
쮑,8158
쮒,8159
쮓,8160
쮔,8161
쮕,8162
쮖,8163
쮗,8164
쮘,8165
쮙,8166
쮚,8167
쮛,8168
쮜,8169
쮝,8170
쮞,8171
쮟,8172
쮠,8173
쮡,8174
쮢,8175
쮣,8176
쮤,8177
쮥,8178
쮦,8179
쮧,8180
쮨,8181
쮩,8182
쮪,8183
쮫,8184
쮬,8185
쮭,8186
쮮,8187
쮯,8188
쮰,8189
쮱,8190
쮲,8191
쮳,8192
쮴,8193
쮵,8194
쮶,8195
쮷,8196
쮸,8197
쮹,8198
쮺,8199
쮻,8200
쮼,8201
쮽,8202
쮾,8203
쮿,8204
쯀,8205
쯁,8206
쯂,8207
쯃,8208
쯄,8209
쯅,8210
쯆,8211
쯇,8212
쯈,8213
쯉,8214
쯊,8215
쯋,8216
쯌,8217
쯍,8218
쯎,8219
쯏,8220
쯐,8221
쯑,8222
쯒,8223
쯓,8224
쯔,8225
쯕,8226
쯖,8227
쯗,8228
쯘,8229
쯙,8230
쯚,8231
쯛,8232
쯜,8233
쯝,8234
쯞,8235
쯟,8236
쯠,8237
쯡,8238
쯢,8239
쯣,8240
쯤,8241
쯥,8242
쯦,8243
쯧,8244
쯨,8245
쯩,8246
쯪,8247
쯫,8248
쯬,8249
쯭,8250
쯮,8251
쯯,8252
쯰,8253
쯱,8254
쯲,8255
쯳,8256
쯴,8257
쯵,8258
쯶,8259
쯷,8260
쯸,8261
쯹,8262
쯺,8263
쯻,8264
쯼,8265
쯽,8266
쯾,8267
쯿,8268
찀,8269
찁,8270
찂,8271
찃,8272
찄,8273
찅,8274
찆,8275
찇,8276
찈,8277
찉,8278
찊,8279
찋,8280
찌,8281
찍,8282
찎,8283
찏,8284
찐,8285
찑,8286
찒,8287
찓,8288
찔,8289
찕,8290
찖,8291
찗,8292
찘,8293
찙,8294
찚,8295
찛,8296
찜,8297
찝,8298
찞,8299
찟,8300
찠,8301
찡,8302
찢,8303
찣,8304
찤,8305
찥,8306
찦,8307
찧,8308
차,8309
착,8310
찪,8311
찫,8312
찬,8313
찭,8314
찮,8315
찯,8316
찰,8317
찱,8318
찲,8319
찳,8320
찴,8321
찵,8322
찶,8323
찷,8324
참,8325
찹,8326
찺,8327
찻,8328
찼,8329
창,8330
찾,8331
찿,8332
챀,8333
챁,8334
챂,8335
챃,8336
채,8337
책,8338
챆,8339
챇,8340
챈,8341
챉,8342
챊,8343
챋,8344
챌,8345
챍,8346
챎,8347
챏,8348
챐,8349
챑,8350
챒,8351
챓,8352
챔,8353
챕,8354
챖,8355
챗,8356
챘,8357
챙,8358
챚,8359
챛,8360
챜,8361
챝,8362
챞,8363
챟,8364
챠,8365
챡,8366
챢,8367
챣,8368
챤,8369
챥,8370
챦,8371
챧,8372
챨,8373
챩,8374
챪,8375
챫,8376
챬,8377
챭,8378
챮,8379
챯,8380
챰,8381
챱,8382
챲,8383
챳,8384
챴,8385
챵,8386
챶,8387
챷,8388
챸,8389
챹,8390
챺,8391
챻,8392
챼,8393
챽,8394
챾,8395
챿,8396
첀,8397
첁,8398
첂,8399
첃,8400
첄,8401
첅,8402
첆,8403
첇,8404
첈,8405
첉,8406
첊,8407
첋,8408
첌,8409
첍,8410
첎,8411
첏,8412
첐,8413
첑,8414
첒,8415
첓,8416
첔,8417
첕,8418
첖,8419
첗,8420
처,8421
척,8422
첚,8423
첛,8424
천,8425
첝,8426
첞,8427
첟,8428
철,8429
첡,8430
첢,8431
첣,8432
첤,8433
첥,8434
첦,8435
첧,8436
첨,8437
첩,8438
첪,8439
첫,8440
첬,8441
청,8442
첮,8443
첯,8444
첰,8445
첱,8446
첲,8447
첳,8448
체,8449
첵,8450
첶,8451
첷,8452
첸,8453
첹,8454
첺,8455
첻,8456
첼,8457
첽,8458
첾,8459
첿,8460
쳀,8461
쳁,8462
쳂,8463
쳃,8464
쳄,8465
쳅,8466
쳆,8467
쳇,8468
쳈,8469
쳉,8470
쳊,8471
쳋,8472
쳌,8473
쳍,8474
쳎,8475
쳏,8476
쳐,8477
쳑,8478
쳒,8479
쳓,8480
쳔,8481
쳕,8482
쳖,8483
쳗,8484
쳘,8485
쳙,8486
쳚,8487
쳛,8488
쳜,8489
쳝,8490
쳞,8491
쳟,8492
쳠,8493
쳡,8494
쳢,8495
쳣,8496
쳤,8497
쳥,8498
쳦,8499
쳧,8500
쳨,8501
쳩,8502
쳪,8503
쳫,8504
쳬,8505
쳭,8506
쳮,8507
쳯,8508
쳰,8509
쳱,8510
쳲,8511
쳳,8512
쳴,8513
쳵,8514
쳶,8515
쳷,8516
쳸,8517
쳹,8518
쳺,8519
쳻,8520
쳼,8521
쳽,8522
쳾,8523
쳿,8524
촀,8525
촁,8526
촂,8527
촃,8528
촄,8529
촅,8530
촆,8531
촇,8532
초,8533
촉,8534
촊,8535
촋,8536
촌,8537
촍,8538
촎,8539
촏,8540
촐,8541
촑,8542
촒,8543
촓,8544
촔,8545
촕,8546
촖,8547
촗,8548
촘,8549
촙,8550
촚,8551
촛,8552
촜,8553
총,8554
촞,8555
촟,8556
촠,8557
촡,8558
촢,8559
촣,8560
촤,8561
촥,8562
촦,8563
촧,8564
촨,8565
촩,8566
촪,8567
촫,8568
촬,8569
촭,8570
촮,8571
촯,8572
촰,8573
촱,8574
촲,8575
촳,8576
촴,8577
촵,8578
촶,8579
촷,8580
촸,8581
촹,8582
촺,8583
촻,8584
촼,8585
촽,8586
촾,8587
촿,8588
쵀,8589
쵁,8590
쵂,8591
쵃,8592
쵄,8593
쵅,8594
쵆,8595
쵇,8596
쵈,8597
쵉,8598
쵊,8599
쵋,8600
쵌,8601
쵍,8602
쵎,8603
쵏,8604
쵐,8605
쵑,8606
쵒,8607
쵓,8608
쵔,8609
쵕,8610
쵖,8611
쵗,8612
쵘,8613
쵙,8614
쵚,8615
쵛,8616
최,8617
쵝,8618
쵞,8619
쵟,8620
쵠,8621
쵡,8622
쵢,8623
쵣,8624
쵤,8625
쵥,8626
쵦,8627
쵧,8628
쵨,8629
쵩,8630
쵪,8631
쵫,8632
쵬,8633
쵭,8634
쵮,8635
쵯,8636
쵰,8637
쵱,8638
쵲,8639
쵳,8640
쵴,8641
쵵,8642
쵶,8643
쵷,8644
쵸,8645
쵹,8646
쵺,8647
쵻,8648
쵼,8649
쵽,8650
쵾,8651
쵿,8652
춀,8653
춁,8654
춂,8655
춃,8656
춄,8657
춅,8658
춆,8659
춇,8660
춈,8661
춉,8662
춊,8663
춋,8664
춌,8665
춍,8666
춎,8667
춏,8668
춐,8669
춑,8670
춒,8671
춓,8672
추,8673
축,8674
춖,8675
춗,8676
춘,8677
춙,8678
춚,8679
춛,8680
출,8681
춝,8682
춞,8683
춟,8684
춠,8685
춡,8686
춢,8687
춣,8688
춤,8689
춥,8690
춦,8691
춧,8692
춨,8693
충,8694
춪,8695
춫,8696
춬,8697
춭,8698
춮,8699
춯,8700
춰,8701
춱,8702
춲,8703
춳,8704
춴,8705
춵,8706
춶,8707
춷,8708
춸,8709
춹,8710
춺,8711
춻,8712
춼,8713
춽,8714
춾,8715
춿,8716
췀,8717
췁,8718
췂,8719
췃,8720
췄,8721
췅,8722
췆,8723
췇,8724
췈,8725
췉,8726
췊,8727
췋,8728
췌,8729
췍,8730
췎,8731
췏,8732
췐,8733
췑,8734
췒,8735
췓,8736
췔,8737
췕,8738
췖,8739
췗,8740
췘,8741
췙,8742
췚,8743
췛,8744
췜,8745
췝,8746
췞,8747
췟,8748
췠,8749
췡,8750
췢,8751
췣,8752
췤,8753
췥,8754
췦,8755
췧,8756
취,8757
췩,8758
췪,8759
췫,8760
췬,8761
췭,8762
췮,8763
췯,8764
췰,8765
췱,8766
췲,8767
췳,8768
췴,8769
췵,8770
췶,8771
췷,8772
췸,8773
췹,8774
췺,8775
췻,8776
췼,8777
췽,8778
췾,8779
췿,8780
츀,8781
츁,8782
츂,8783
츃,8784
츄,8785
츅,8786
츆,8787
츇,8788
츈,8789
츉,8790
츊,8791
츋,8792
츌,8793
츍,8794
츎,8795
츏,8796
츐,8797
츑,8798
츒,8799
츓,8800
츔,8801
츕,8802
츖,8803
츗,8804
츘,8805
츙,8806
츚,8807
츛,8808
츜,8809
츝,8810
츞,8811
츟,8812
츠,8813
측,8814
츢,8815
츣,8816
츤,8817
츥,8818
츦,8819
츧,8820
츨,8821
츩,8822
츪,8823
츫,8824
츬,8825
츭,8826
츮,8827
츯,8828
츰,8829
츱,8830
츲,8831
츳,8832
츴,8833
층,8834
츶,8835
츷,8836
츸,8837
츹,8838
츺,8839
츻,8840
츼,8841
츽,8842
츾,8843
츿,8844
칀,8845
칁,8846
칂,8847
칃,8848
칄,8849
칅,8850
칆,8851
칇,8852
칈,8853
칉,8854
칊,8855
칋,8856
칌,8857
칍,8858
칎,8859
칏,8860
칐,8861
칑,8862
칒,8863
칓,8864
칔,8865
칕,8866
칖,8867
칗,8868
치,8869
칙,8870
칚,8871
칛,8872
친,8873
칝,8874
칞,8875
칟,8876
칠,8877
칡,8878
칢,8879
칣,8880
칤,8881
칥,8882
칦,8883
칧,8884
침,8885
칩,8886
칪,8887
칫,8888
칬,8889
칭,8890
칮,8891
칯,8892
칰,8893
칱,8894
칲,8895
칳,8896
카,8897
칵,8898
칶,8899
칷,8900
칸,8901
칹,8902
칺,8903
칻,8904
칼,8905
칽,8906
칾,8907
칿,8908
캀,8909
캁,8910
캂,8911
캃,8912
캄,8913
캅,8914
캆,8915
캇,8916
캈,8917
캉,8918
캊,8919
캋,8920
캌,8921
캍,8922
캎,8923
캏,8924
캐,8925
캑,8926
캒,8927
캓,8928
캔,8929
캕,8930
캖,8931
캗,8932
캘,8933
캙,8934
캚,8935
캛,8936
캜,8937
캝,8938
캞,8939
캟,8940
캠,8941
캡,8942
캢,8943
캣,8944
캤,8945
캥,8946
캦,8947
캧,8948
캨,8949
캩,8950
캪,8951
캫,8952
캬,8953
캭,8954
캮,8955
캯,8956
캰,8957
캱,8958
캲,8959
캳,8960
캴,8961
캵,8962
캶,8963
캷,8964
캸,8965
캹,8966
캺,8967
캻,8968
캼,8969
캽,8970
캾,8971
캿,8972
컀,8973
컁,8974
컂,8975
컃,8976
컄,8977
컅,8978
컆,8979
컇,8980
컈,8981
컉,8982
컊,8983
컋,8984
컌,8985
컍,8986
컎,8987
컏,8988
컐,8989
컑,8990
컒,8991
컓,8992
컔,8993
컕,8994
컖,8995
컗,8996
컘,8997
컙,8998
컚,8999
컛,9000
컜,9001
컝,9002
컞,9003
컟,9004
컠,9005
컡,9006
컢,9007
컣,9008
커,9009
컥,9010
컦,9011
컧,9012
컨,9013
컩,9014
컪,9015
컫,9016
컬,9017
컭,9018
컮,9019
컯,9020
컰,9021
컱,9022
컲,9023
컳,9024
컴,9025
컵,9026
컶,9027
컷,9028
컸,9029
컹,9030
컺,9031
컻,9032
컼,9033
컽,9034
컾,9035
컿,9036
케,9037
켁,9038
켂,9039
켃,9040
켄,9041
켅,9042
켆,9043
켇,9044
켈,9045
켉,9046
켊,9047
켋,9048
켌,9049
켍,9050
켎,9051
켏,9052
켐,9053
켑,9054
켒,9055
켓,9056
켔,9057
켕,9058
켖,9059
켗,9060
켘,9061
켙,9062
켚,9063
켛,9064
켜,9065
켝,9066
켞,9067
켟,9068
켠,9069
켡,9070
켢,9071
켣,9072
켤,9073
켥,9074
켦,9075
켧,9076
켨,9077
켩,9078
켪,9079
켫,9080
켬,9081
켭,9082
켮,9083
켯,9084
켰,9085
켱,9086
켲,9087
켳,9088
켴,9089
켵,9090
켶,9091
켷,9092
켸,9093
켹,9094
켺,9095
켻,9096
켼,9097
켽,9098
켾,9099
켿,9100
콀,9101
콁,9102
콂,9103
콃,9104
콄,9105
콅,9106
콆,9107
콇,9108
콈,9109
콉,9110
콊,9111
콋,9112
콌,9113
콍,9114
콎,9115
콏,9116
콐,9117
콑,9118
콒,9119
콓,9120
코,9121
콕,9122
콖,9123
콗,9124
콘,9125
콙,9126
콚,9127
콛,9128
콜,9129
콝,9130
콞,9131
콟,9132
콠,9133
콡,9134
콢,9135
콣,9136
콤,9137
콥,9138
콦,9139
콧,9140
콨,9141
콩,9142
콪,9143
콫,9144
콬,9145
콭,9146
콮,9147
콯,9148
콰,9149
콱,9150
콲,9151
콳,9152
콴,9153
콵,9154
콶,9155
콷,9156
콸,9157
콹,9158
콺,9159
콻,9160
콼,9161
콽,9162
콾,9163
콿,9164
쾀,9165
쾁,9166
쾂,9167
쾃,9168
쾄,9169
쾅,9170
쾆,9171
쾇,9172
쾈,9173
쾉,9174
쾊,9175
쾋,9176
쾌,9177
쾍,9178
쾎,9179
쾏,9180
쾐,9181
쾑,9182
쾒,9183
쾓,9184
쾔,9185
쾕,9186
쾖,9187
쾗,9188
쾘,9189
쾙,9190
쾚,9191
쾛,9192
쾜,9193
쾝,9194
쾞,9195
쾟,9196
쾠,9197
쾡,9198
쾢,9199
쾣,9200
쾤,9201
쾥,9202
쾦,9203
쾧,9204
쾨,9205
쾩,9206
쾪,9207
쾫,9208
쾬,9209
쾭,9210
쾮,9211
쾯,9212
쾰,9213
쾱,9214
쾲,9215
쾳,9216
쾴,9217
쾵,9218
쾶,9219
쾷,9220
쾸,9221
쾹,9222
쾺,9223
쾻,9224
쾼,9225
쾽,9226
쾾,9227
쾿,9228
쿀,9229
쿁,9230
쿂,9231
쿃,9232
쿄,9233
쿅,9234
쿆,9235
쿇,9236
쿈,9237
쿉,9238
쿊,9239
쿋,9240
쿌,9241
쿍,9242
쿎,9243
쿏,9244
쿐,9245
쿑,9246
쿒,9247
쿓,9248
쿔,9249
쿕,9250
쿖,9251
쿗,9252
쿘,9253
쿙,9254
쿚,9255
쿛,9256
쿜,9257
쿝,9258
쿞,9259
쿟,9260
쿠,9261
쿡,9262
쿢,9263
쿣,9264
쿤,9265
쿥,9266
쿦,9267
쿧,9268
쿨,9269
쿩,9270
쿪,9271
쿫,9272
쿬,9273
쿭,9274
쿮,9275
쿯,9276
쿰,9277
쿱,9278
쿲,9279
쿳,9280
쿴,9281
쿵,9282
쿶,9283
쿷,9284
쿸,9285
쿹,9286
쿺,9287
쿻,9288
쿼,9289
쿽,9290
쿾,9291
쿿,9292
퀀,9293
퀁,9294
퀂,9295
퀃,9296
퀄,9297
퀅,9298
퀆,9299
퀇,9300
퀈,9301
퀉,9302
퀊,9303
퀋,9304
퀌,9305
퀍,9306
퀎,9307
퀏,9308
퀐,9309
퀑,9310
퀒,9311
퀓,9312
퀔,9313
퀕,9314
퀖,9315
퀗,9316
퀘,9317
퀙,9318
퀚,9319
퀛,9320
퀜,9321
퀝,9322
퀞,9323
퀟,9324
퀠,9325
퀡,9326
퀢,9327
퀣,9328
퀤,9329
퀥,9330
퀦,9331
퀧,9332
퀨,9333
퀩,9334
퀪,9335
퀫,9336
퀬,9337
퀭,9338
퀮,9339
퀯,9340
퀰,9341
퀱,9342
퀲,9343
퀳,9344
퀴,9345
퀵,9346
퀶,9347
퀷,9348
퀸,9349
퀹,9350
퀺,9351
퀻,9352
퀼,9353
퀽,9354
퀾,9355
퀿,9356
큀,9357
큁,9358
큂,9359
큃,9360
큄,9361
큅,9362
큆,9363
큇,9364
큈,9365
큉,9366
큊,9367
큋,9368
큌,9369
큍,9370
큎,9371
큏,9372
큐,9373
큑,9374
큒,9375
큓,9376
큔,9377
큕,9378
큖,9379
큗,9380
큘,9381
큙,9382
큚,9383
큛,9384
큜,9385
큝,9386
큞,9387
큟,9388
큠,9389
큡,9390
큢,9391
큣,9392
큤,9393
큥,9394
큦,9395
큧,9396
큨,9397
큩,9398
큪,9399
큫,9400
크,9401
큭,9402
큮,9403
큯,9404
큰,9405
큱,9406
큲,9407
큳,9408
클,9409
큵,9410
큶,9411
큷,9412
큸,9413
큹,9414
큺,9415
큻,9416
큼,9417
큽,9418
큾,9419
큿,9420
킀,9421
킁,9422
킂,9423
킃,9424
킄,9425
킅,9426
킆,9427
킇,9428
킈,9429
킉,9430
킊,9431
킋,9432
킌,9433
킍,9434
킎,9435
킏,9436
킐,9437
킑,9438
킒,9439
킓,9440
킔,9441
킕,9442
킖,9443
킗,9444
킘,9445
킙,9446
킚,9447
킛,9448
킜,9449
킝,9450
킞,9451
킟,9452
킠,9453
킡,9454
킢,9455
킣,9456
키,9457
킥,9458
킦,9459
킧,9460
킨,9461
킩,9462
킪,9463
킫,9464
킬,9465
킭,9466
킮,9467
킯,9468
킰,9469
킱,9470
킲,9471
킳,9472
킴,9473
킵,9474
킶,9475
킷,9476
킸,9477
킹,9478
킺,9479
킻,9480
킼,9481
킽,9482
킾,9483
킿,9484
타,9485
탁,9486
탂,9487
탃,9488
탄,9489
탅,9490
탆,9491
탇,9492
탈,9493
탉,9494
탊,9495
탋,9496
탌,9497
탍,9498
탎,9499
탏,9500
탐,9501
탑,9502
탒,9503
탓,9504
탔,9505
탕,9506
탖,9507
탗,9508
탘,9509
탙,9510
탚,9511
탛,9512
태,9513
택,9514
탞,9515
탟,9516
탠,9517
탡,9518
탢,9519
탣,9520
탤,9521
탥,9522
탦,9523
탧,9524
탨,9525
탩,9526
탪,9527
탫,9528
탬,9529
탭,9530
탮,9531
탯,9532
탰,9533
탱,9534
탲,9535
탳,9536
탴,9537
탵,9538
탶,9539
탷,9540
탸,9541
탹,9542
탺,9543
탻,9544
탼,9545
탽,9546
탾,9547
탿,9548
턀,9549
턁,9550
턂,9551
턃,9552
턄,9553
턅,9554
턆,9555
턇,9556
턈,9557
턉,9558
턊,9559
턋,9560
턌,9561
턍,9562
턎,9563
턏,9564
턐,9565
턑,9566
턒,9567
턓,9568
턔,9569
턕,9570
턖,9571
턗,9572
턘,9573
턙,9574
턚,9575
턛,9576
턜,9577
턝,9578
턞,9579
턟,9580
턠,9581
턡,9582
턢,9583
턣,9584
턤,9585
턥,9586
턦,9587
턧,9588
턨,9589
턩,9590
턪,9591
턫,9592
턬,9593
턭,9594
턮,9595
턯,9596
터,9597
턱,9598
턲,9599
턳,9600
턴,9601
턵,9602
턶,9603
턷,9604
털,9605
턹,9606
턺,9607
턻,9608
턼,9609
턽,9610
턾,9611
턿,9612
텀,9613
텁,9614
텂,9615
텃,9616
텄,9617
텅,9618
텆,9619
텇,9620
텈,9621
텉,9622
텊,9623
텋,9624
테,9625
텍,9626
텎,9627
텏,9628
텐,9629
텑,9630
텒,9631
텓,9632
텔,9633
텕,9634
텖,9635
텗,9636
텘,9637
텙,9638
텚,9639
텛,9640
템,9641
텝,9642
텞,9643
텟,9644
텠,9645
텡,9646
텢,9647
텣,9648
텤,9649
텥,9650
텦,9651
텧,9652
텨,9653
텩,9654
텪,9655
텫,9656
텬,9657
텭,9658
텮,9659
텯,9660
텰,9661
텱,9662
텲,9663
텳,9664
텴,9665
텵,9666
텶,9667
텷,9668
텸,9669
텹,9670
텺,9671
텻,9672
텼,9673
텽,9674
텾,9675
텿,9676
톀,9677
톁,9678
톂,9679
톃,9680
톄,9681
톅,9682
톆,9683
톇,9684
톈,9685
톉,9686
톊,9687
톋,9688
톌,9689
톍,9690
톎,9691
톏,9692
톐,9693
톑,9694
톒,9695
톓,9696
톔,9697
톕,9698
톖,9699
톗,9700
톘,9701
톙,9702
톚,9703
톛,9704
톜,9705
톝,9706
톞,9707
톟,9708
토,9709
톡,9710
톢,9711
톣,9712
톤,9713
톥,9714
톦,9715
톧,9716
톨,9717
톩,9718
톪,9719
톫,9720
톬,9721
톭,9722
톮,9723
톯,9724
톰,9725
톱,9726
톲,9727
톳,9728
톴,9729
통,9730
톶,9731
톷,9732
톸,9733
톹,9734
톺,9735
톻,9736
톼,9737
톽,9738
톾,9739
톿,9740
퇀,9741
퇁,9742
퇂,9743
퇃,9744
퇄,9745
퇅,9746
퇆,9747
퇇,9748
퇈,9749
퇉,9750
퇊,9751
퇋,9752
퇌,9753
퇍,9754
퇎,9755
퇏,9756
퇐,9757
퇑,9758
퇒,9759
퇓,9760
퇔,9761
퇕,9762
퇖,9763
퇗,9764
퇘,9765
퇙,9766
퇚,9767
퇛,9768
퇜,9769
퇝,9770
퇞,9771
퇟,9772
퇠,9773
퇡,9774
퇢,9775
퇣,9776
퇤,9777
퇥,9778
퇦,9779
퇧,9780
퇨,9781
퇩,9782
퇪,9783
퇫,9784
퇬,9785
퇭,9786
퇮,9787
퇯,9788
퇰,9789
퇱,9790
퇲,9791
퇳,9792
퇴,9793
퇵,9794
퇶,9795
퇷,9796
퇸,9797
퇹,9798
퇺,9799
퇻,9800
퇼,9801
퇽,9802
퇾,9803
퇿,9804
툀,9805
툁,9806
툂,9807
툃,9808
툄,9809
툅,9810
툆,9811
툇,9812
툈,9813
툉,9814
툊,9815
툋,9816
툌,9817
툍,9818
툎,9819
툏,9820
툐,9821
툑,9822
툒,9823
툓,9824
툔,9825
툕,9826
툖,9827
툗,9828
툘,9829
툙,9830
툚,9831
툛,9832
툜,9833
툝,9834
툞,9835
툟,9836
툠,9837
툡,9838
툢,9839
툣,9840
툤,9841
툥,9842
툦,9843
툧,9844
툨,9845
툩,9846
툪,9847
툫,9848
투,9849
툭,9850
툮,9851
툯,9852
툰,9853
툱,9854
툲,9855
툳,9856
툴,9857
툵,9858
툶,9859
툷,9860
툸,9861
툹,9862
툺,9863
툻,9864
툼,9865
툽,9866
툾,9867
툿,9868
퉀,9869
퉁,9870
퉂,9871
퉃,9872
퉄,9873
퉅,9874
퉆,9875
퉇,9876
퉈,9877
퉉,9878
퉊,9879
퉋,9880
퉌,9881
퉍,9882
퉎,9883
퉏,9884
퉐,9885
퉑,9886
퉒,9887
퉓,9888
퉔,9889
퉕,9890
퉖,9891
퉗,9892
퉘,9893
퉙,9894
퉚,9895
퉛,9896
퉜,9897
퉝,9898
퉞,9899
퉟,9900
퉠,9901
퉡,9902
퉢,9903
퉣,9904
퉤,9905
퉥,9906
퉦,9907
퉧,9908
퉨,9909
퉩,9910
퉪,9911
퉫,9912
퉬,9913
퉭,9914
퉮,9915
퉯,9916
퉰,9917
퉱,9918
퉲,9919
퉳,9920
퉴,9921
퉵,9922
퉶,9923
퉷,9924
퉸,9925
퉹,9926
퉺,9927
퉻,9928
퉼,9929
퉽,9930
퉾,9931
퉿,9932
튀,9933
튁,9934
튂,9935
튃,9936
튄,9937
튅,9938
튆,9939
튇,9940
튈,9941
튉,9942
튊,9943
튋,9944
튌,9945
튍,9946
튎,9947
튏,9948
튐,9949
튑,9950
튒,9951
튓,9952
튔,9953
튕,9954
튖,9955
튗,9956
튘,9957
튙,9958
튚,9959
튛,9960
튜,9961
튝,9962
튞,9963
튟,9964
튠,9965
튡,9966
튢,9967
튣,9968
튤,9969
튥,9970
튦,9971
튧,9972
튨,9973
튩,9974
튪,9975
튫,9976
튬,9977
튭,9978
튮,9979
튯,9980
튰,9981
튱,9982
튲,9983
튳,9984
튴,9985
튵,9986
튶,9987
튷,9988
트,9989
특,9990
튺,9991
튻,9992
튼,9993
튽,9994
튾,9995
튿,9996
틀,9997
틁,9998
틂,9999
틃,10000
틄,10001
틅,10002
틆,10003
틇,10004
틈,10005
틉,10006
틊,10007
틋,10008
틌,10009
틍,10010
틎,10011
틏,10012
틐,10013
틑,10014
틒,10015
틓,10016
틔,10017
틕,10018
틖,10019
틗,10020
틘,10021
틙,10022
틚,10023
틛,10024
틜,10025
틝,10026
틞,10027
틟,10028
틠,10029
틡,10030
틢,10031
틣,10032
틤,10033
틥,10034
틦,10035
틧,10036
틨,10037
틩,10038
틪,10039
틫,10040
틬,10041
틭,10042
틮,10043
틯,10044
티,10045
틱,10046
틲,10047
틳,10048
틴,10049
틵,10050
틶,10051
틷,10052
틸,10053
틹,10054
틺,10055
틻,10056
틼,10057
틽,10058
틾,10059
틿,10060
팀,10061
팁,10062
팂,10063
팃,10064
팄,10065
팅,10066
팆,10067
팇,10068
팈,10069
팉,10070
팊,10071
팋,10072
파,10073
팍,10074
팎,10075
팏,10076
판,10077
팑,10078
팒,10079
팓,10080
팔,10081
팕,10082
팖,10083
팗,10084
팘,10085
팙,10086
팚,10087
팛,10088
팜,10089
팝,10090
팞,10091
팟,10092
팠,10093
팡,10094
팢,10095
팣,10096
팤,10097
팥,10098
팦,10099
팧,10100
패,10101
팩,10102
팪,10103
팫,10104
팬,10105
팭,10106
팮,10107
팯,10108
팰,10109
팱,10110
팲,10111
팳,10112
팴,10113
팵,10114
팶,10115
팷,10116
팸,10117
팹,10118
팺,10119
팻,10120
팼,10121
팽,10122
팾,10123
팿,10124
퍀,10125
퍁,10126
퍂,10127
퍃,10128
퍄,10129
퍅,10130
퍆,10131
퍇,10132
퍈,10133
퍉,10134
퍊,10135
퍋,10136
퍌,10137
퍍,10138
퍎,10139
퍏,10140
퍐,10141
퍑,10142
퍒,10143
퍓,10144
퍔,10145
퍕,10146
퍖,10147
퍗,10148
퍘,10149
퍙,10150
퍚,10151
퍛,10152
퍜,10153
퍝,10154
퍞,10155
퍟,10156
퍠,10157
퍡,10158
퍢,10159
퍣,10160
퍤,10161
퍥,10162
퍦,10163
퍧,10164
퍨,10165
퍩,10166
퍪,10167
퍫,10168
퍬,10169
퍭,10170
퍮,10171
퍯,10172
퍰,10173
퍱,10174
퍲,10175
퍳,10176
퍴,10177
퍵,10178
퍶,10179
퍷,10180
퍸,10181
퍹,10182
퍺,10183
퍻,10184
퍼,10185
퍽,10186
퍾,10187
퍿,10188
펀,10189
펁,10190
펂,10191
펃,10192
펄,10193
펅,10194
펆,10195
펇,10196
펈,10197
펉,10198
펊,10199
펋,10200
펌,10201
펍,10202
펎,10203
펏,10204
펐,10205
펑,10206
펒,10207
펓,10208
펔,10209
펕,10210
펖,10211
펗,10212
페,10213
펙,10214
펚,10215
펛,10216
펜,10217
펝,10218
펞,10219
펟,10220
펠,10221
펡,10222
펢,10223
펣,10224
펤,10225
펥,10226
펦,10227
펧,10228
펨,10229
펩,10230
펪,10231
펫,10232
펬,10233
펭,10234
펮,10235
펯,10236
펰,10237
펱,10238
펲,10239
펳,10240
펴,10241
펵,10242
펶,10243
펷,10244
펹,10246
펺,10247
펻,10248
펼,10249
펽,10250
펾,10251
펿,10252
폀,10253
폁,10254
폂,10255
폃,10256
폄,10257
폅,10258
폆,10259
폇,10260
폈,10261
평,10262
폊,10263
폋,10264
폌,10265
폍,10266
폎,10267
폏,10268
폐,10269
폑,10270
폒,10271
폓,10272
폔,10273
폕,10274
폖,10275
폗,10276
폘,10277
폙,10278
폚,10279
폛,10280
폜,10281
폝,10282
폞,10283
폟,10284
폠,10285
폡,10286
폢,10287
폣,10288
폤,10289
폥,10290
폦,10291
폧,10292
폨,10293
폩,10294
폪,10295
폫,10296
포,10297
폭,10298
폮,10299
폯,10300
폰,10301
폱,10302
폲,10303
폳,10304
폴,10305
폵,10306
폶,10307
폷,10308
폸,10309
폹,10310
폺,10311
폻,10312
폼,10313
폽,10314
폾,10315
폿,10316
퐀,10317
퐁,10318
퐂,10319
퐃,10320
퐄,10321
퐅,10322
퐆,10323
퐇,10324
퐈,10325
퐉,10326
퐊,10327
퐋,10328
퐌,10329
퐍,10330
퐎,10331
퐏,10332
퐐,10333
퐑,10334
퐒,10335
퐓,10336
퐔,10337
퐕,10338
퐖,10339
퐗,10340
퐘,10341
퐙,10342
퐚,10343
퐛,10344
퐜,10345
퐝,10346
퐞,10347
퐟,10348
퐠,10349
퐡,10350
퐢,10351
퐣,10352
퐤,10353
퐥,10354
퐦,10355
퐧,10356
퐨,10357
퐩,10358
퐪,10359
퐫,10360
퐬,10361
퐭,10362
퐮,10363
퐯,10364
퐰,10365
퐱,10366
퐲,10367
퐳,10368
퐴,10369
퐵,10370
퐶,10371
퐷,10372
퐸,10373
퐹,10374
퐺,10375
퐻,10376
퐼,10377
퐽,10378
퐾,10379
퐿,10380
푀,10381
푁,10382
푂,10383
푃,10384
푄,10385
푅,10386
푆,10387
푇,10388
푈,10389
푉,10390
푊,10391
푋,10392
푌,10393
푍,10394
푎,10395
푏,10396
푐,10397
푑,10398
푒,10399
푓,10400
푔,10401
푕,10402
푖,10403
푗,10404
푘,10405
푙,10406
푚,10407
푛,10408
표,10409
푝,10410
푞,10411
푟,10412
푠,10413
푡,10414
푢,10415
푣,10416
푤,10417
푥,10418
푦,10419
푧,10420
푨,10421
푩,10422
푪,10423
푫,10424
푬,10425
푭,10426
푮,10427
푯,10428
푰,10429
푱,10430
푲,10431
푳,10432
푴,10433
푵,10434
푶,10435
푷,10436
푸,10437
푹,10438
푺,10439
푻,10440
푼,10441
푽,10442
푾,10443
푿,10444
풀,10445
풁,10446
풂,10447
풃,10448
풄,10449
풅,10450
풆,10451
풇,10452
품,10453
풉,10454
풊,10455
풋,10456
풌,10457
풍,10458
풎,10459
풏,10460
풐,10461
풑,10462
풒,10463
풓,10464
풔,10465
풕,10466
풖,10467
풗,10468
풘,10469
풙,10470
풚,10471
풛,10472
풜,10473
풝,10474
풞,10475
풟,10476
풠,10477
풡,10478
풢,10479
풣,10480
풤,10481
풥,10482
풦,10483
풧,10484
풨,10485
풩,10486
풪,10487
풫,10488
풬,10489
풭,10490
풮,10491
풯,10492
풰,10493
풱,10494
풲,10495
풳,10496
풴,10497
풵,10498
풶,10499
풷,10500
풸,10501
풹,10502
풺,10503
풻,10504
풼,10505
풽,10506
풾,10507
풿,10508
퓀,10509
퓁,10510
퓂,10511
퓃,10512
퓄,10513
퓅,10514
퓆,10515
퓇,10516
퓈,10517
퓉,10518
퓊,10519
퓋,10520
퓌,10521
퓍,10522
퓎,10523
퓏,10524
퓐,10525
퓑,10526
퓒,10527
퓓,10528
퓔,10529
퓕,10530
퓖,10531
퓗,10532
퓘,10533
퓙,10534
퓚,10535
퓛,10536
퓜,10537
퓝,10538
퓞,10539
퓟,10540
퓠,10541
퓡,10542
퓢,10543
퓣,10544
퓤,10545
퓥,10546
퓦,10547
퓧,10548
퓨,10549
퓩,10550
퓪,10551
퓫,10552
퓬,10553
퓭,10554
퓮,10555
퓯,10556
퓰,10557
퓱,10558
퓲,10559
퓳,10560
퓴,10561
퓵,10562
퓶,10563
퓷,10564
퓸,10565
퓹,10566
퓺,10567
퓻,10568
퓼,10569
퓽,10570
퓾,10571
퓿,10572
픀,10573
픁,10574
픂,10575
픃,10576
프,10577
픅,10578
픆,10579
픇,10580
픈,10581
픉,10582
픊,10583
픋,10584
플,10585
픍,10586
픎,10587
픏,10588
픐,10589
픑,10590
픒,10591
픓,10592
픔,10593
픕,10594
픖,10595
픗,10596
픘,10597
픙,10598
픚,10599
픛,10600
픜,10601
픝,10602
픞,10603
픟,10604
픠,10605
픡,10606
픢,10607
픣,10608
픤,10609
픥,10610
픦,10611
픧,10612
픨,10613
픩,10614
픪,10615
픫,10616
픬,10617
픭,10618
픮,10619
픯,10620
픰,10621
픱,10622
픲,10623
픳,10624
픴,10625
픵,10626
픶,10627
픷,10628
픸,10629
픹,10630
픺,10631
픻,10632
피,10633
픽,10634
픾,10635
픿,10636
핀,10637
핁,10638
핂,10639
핃,10640
필,10641
핅,10642
핆,10643
핇,10644
핈,10645
핉,10646
핊,10647
핋,10648
핌,10649
핍,10650
핎,10651
핏,10652
핐,10653
핑,10654
핒,10655
핓,10656
핔,10657
핕,10658
핖,10659
핗,10660
하,10661
학,10662
핚,10663
핛,10664
한,10665
핝,10666
핞,10667
핟,10668
할,10669
핡,10670
핢,10671
핣,10672
핤,10673
핥,10674
핦,10675
핧,10676
함,10677
합,10678
핪,10679
핫,10680
핬,10681
항,10682
핮,10683
핯,10684
핰,10685
핱,10686
핲,10687
핳,10688
해,10689
핵,10690
핶,10691
핷,10692
핸,10693
핹,10694
핺,10695
핻,10696
핼,10697
핽,10698
핾,10699
핿,10700
햀,10701
햁,10702
햂,10703
햃,10704
햄,10705
햅,10706
햆,10707
햇,10708
했,10709
행,10710
햊,10711
햋,10712
햌,10713
햍,10714
햎,10715
햏,10716
햐,10717
햑,10718
햒,10719
햓,10720
햔,10721
햕,10722
햖,10723
햗,10724
햘,10725
햙,10726
햚,10727
햛,10728
햜,10729
햝,10730
햞,10731
햟,10732
햠,10733
햡,10734
햢,10735
햣,10736
햤,10737
향,10738
햦,10739
햧,10740
햨,10741
햩,10742
햪,10743
햫,10744
햬,10745
햭,10746
햮,10747
햯,10748
햰,10749
햱,10750
햲,10751
햳,10752
햴,10753
햵,10754
햶,10755
햷,10756
햸,10757
햹,10758
햺,10759
햻,10760
햼,10761
햽,10762
햾,10763
햿,10764
헀,10765
헁,10766
헂,10767
헃,10768
헄,10769
헅,10770
헆,10771
헇,10772
허,10773
헉,10774
헊,10775
헋,10776
헌,10777
헍,10778
헎,10779
헏,10780
헐,10781
헑,10782
헒,10783
헓,10784
헔,10785
헕,10786
헖,10787
헗,10788
험,10789
헙,10790
헚,10791
헛,10792
헜,10793
헝,10794
헞,10795
헟,10796
헠,10797
헡,10798
헢,10799
헣,10800
헤,10801
헥,10802
헦,10803
헧,10804
헨,10805
헩,10806
헪,10807
헫,10808
헬,10809
헭,10810
헮,10811
헯,10812
헰,10813
헱,10814
헲,10815
헳,10816
헴,10817
헵,10818
헶,10819
헷,10820
헸,10821
헹,10822
헺,10823
헻,10824
헼,10825
헽,10826
헾,10827
헿,10828
혀,10829
혁,10830
혂,10831
혃,10832
현,10833
혅,10834
혆,10835
혇,10836
혈,10837
혉,10838
혊,10839
혋,10840
혌,10841
혍,10842
혎,10843
혏,10844
혐,10845
협,10846
혒,10847
혓,10848
혔,10849
형,10850
혖,10851
혗,10852
혘,10853
혙,10854
혚,10855
혛,10856
혜,10857
혝,10858
혞,10859
혟,10860
혠,10861
혡,10862
혢,10863
혣,10864
혤,10865
혥,10866
혦,10867
혧,10868
혨,10869
혩,10870
혪,10871
혫,10872
혬,10873
혭,10874
혮,10875
혯,10876
혰,10877
혱,10878
혲,10879
혳,10880
혴,10881
혵,10882
혶,10883
혷,10884
호,10885
혹,10886
혺,10887
혻,10888
혼,10889
혽,10890
혾,10891
혿,10892
홀,10893
홁,10894
홂,10895
홃,10896
홄,10897
홅,10898
홆,10899
홇,10900
홈,10901
홉,10902
홊,10903
홋,10904
홌,10905
홍,10906
홎,10907
홏,10908
홐,10909
홑,10910
홒,10911
홓,10912
화,10913
확,10914
홖,10915
홗,10916
환,10917
홙,10918
홚,10919
홛,10920
활,10921
홝,10922
홞,10923
홟,10924
홠,10925
홡,10926
홢,10927
홣,10928
홤,10929
홥,10930
홦,10931
홧,10932
홨,10933
황,10934
홪,10935
홫,10936
홬,10937
홭,10938
홮,10939
홯,10940
홰,10941
홱,10942
홲,10943
홳,10944
홴,10945
홵,10946
홶,10947
홷,10948
홸,10949
홹,10950
홺,10951
홻,10952
홼,10953
홽,10954
홾,10955
홿,10956
횀,10957
횁,10958
횂,10959
횃,10960
횄,10961
횅,10962
횆,10963
횇,10964
횈,10965
횉,10966
횊,10967
횋,10968
회,10969
획,10970
횎,10971
횏,10972
횐,10973
횑,10974
횒,10975
횓,10976
횔,10977
횕,10978
횖,10979
횗,10980
횘,10981
횙,10982
횚,10983
횛,10984
횜,10985
횝,10986
횞,10987
횟,10988
횠,10989
횡,10990
횢,10991
횣,10992
횤,10993
횥,10994
횦,10995
횧,10996
효,10997
횩,10998
횪,10999
횫,11000
횬,11001
횭,11002
횮,11003
횯,11004
횰,11005
횱,11006
횲,11007
횳,11008
횴,11009
횵,11010
횶,11011
횷,11012
횸,11013
횹,11014
횺,11015
횻,11016
횼,11017
횽,11018
횾,11019
횿,11020
훀,11021
훁,11022
훂,11023
훃,11024
후,11025
훅,11026
훆,11027
훇,11028
훈,11029
훉,11030
훊,11031
훋,11032
훌,11033
훍,11034
훎,11035
훏,11036
훐,11037
훑,11038
훒,11039
훓,11040
훔,11041
훕,11042
훖,11043
훗,11044
훘,11045
훙,11046
훚,11047
훛,11048
훜,11049
훝,11050
훞,11051
훟,11052
훠,11053
훡,11054
훢,11055
훣,11056
훤,11057
훥,11058
훦,11059
훧,11060
훨,11061
훩,11062
훪,11063
훫,11064
훬,11065
훭,11066
훮,11067
훯,11068
훰,11069
훱,11070
훲,11071
훳,11072
훴,11073
훵,11074
훶,11075
훷,11076
훸,11077
훹,11078
훺,11079
훻,11080
훼,11081
훽,11082
훾,11083
훿,11084
휀,11085
휁,11086
휂,11087
휃,11088
휄,11089
휅,11090
휆,11091
휇,11092
휈,11093
휉,11094
휊,11095
휋,11096
휌,11097
휍,11098
휎,11099
휏,11100
휐,11101
휑,11102
휒,11103
휓,11104
휔,11105
휕,11106
휖,11107
휗,11108
휘,11109
휙,11110
휚,11111
휛,11112
휜,11113
휝,11114
휞,11115
휟,11116
휠,11117
휡,11118
휢,11119
휣,11120
휤,11121
휥,11122
휦,11123
휧,11124
휨,11125
휩,11126
휪,11127
휫,11128
휬,11129
휭,11130
휮,11131
휯,11132
휰,11133
휱,11134
휲,11135
휳,11136
휴,11137
휵,11138
휶,11139
휷,11140
휸,11141
휹,11142
휺,11143
휻,11144
휼,11145
휽,11146
휾,11147
휿,11148
흀,11149
흁,11150
흂,11151
흃,11152
흄,11153
흅,11154
흆,11155
흇,11156
흈,11157
흉,11158
흊,11159
흋,11160
흌,11161
흍,11162
흎,11163
흏,11164
흐,11165
흑,11166
흒,11167
흓,11168
흔,11169
흕,11170
흖,11171
흗,11172
흘,11173
흙,11174
흚,11175
흛,11176
흜,11177
흝,11178
흞,11179
흟,11180
흠,11181
흡,11182
흢,11183
흣,11184
흤,11185
흥,11186
흦,11187
흧,11188
흨,11189
흩,11190
흪,11191
흫,11192
희,11193
흭,11194
흮,11195
흯,11196
흰,11197
흱,11198
흲,11199
흳,11200
흴,11201
흵,11202
흶,11203
흷,11204
흸,11205
흹,11206
흺,11207
흻,11208
흼,11209
흽,11210
흾,11211
흿,11212
힀,11213
힁,11214
힂,11215
힃,11216
힄,11217
힅,11218
힆,11219
힇,11220
히,11221
힉,11222
힊,11223
힋,11224
힌,11225
힍,11226
힎,11227
힏,11228
힐,11229
힑,11230
힒,11231
힓,11232
힔,11233
힕,11234
힖,11235
힗,11236
힘,11237
힙,11238
힚,11239
힛,11240
힜,11241
힝,11242
힞,11243
힟,11244
힠,11245
힡,11246
힢,11247
힣,11248